"X","state","date","year","week","value","data.type","perc","date.1st"
181,"California","2021-10-17",2021,42,0,"case",0,"2021-10-17"
182,"California","2021-10-24",2021,43,0.99603540749894,"case",0.000813232490329258,"2021-10-17"
183,"California","2021-10-31",2021,44,2.1133973667576,"case",0.00189702237767644,"2021-10-17"
184,"California","2021-11-07",2021,45,0,"case",0,"2021-10-17"
185,"California","2021-11-14",2021,46,0,"case",0,"2021-10-17"
186,"California","2021-11-21",2021,47,0,"case",0,"2021-10-17"
187,"California","2021-11-28",2021,48,3.64070798593743,"case",0.00305445188165111,"2021-10-17"
188,"California","2021-12-05",2021,49,110.277419642304,"case",0.0918100715712453,"2021-10-17"
189,"California","2021-12-12",2021,50,334.601645102828,"case",0.275136410918792,"2021-10-17"
190,"California","2021-12-19",2021,51,1203.9051444522,"case",0.551460335479277,"2021-10-17"
191,"California","2021-12-26",2021,52,4619.68669362752,"case",0.814855232084315,"2021-10-17"
192,"California","2022-01-02",2022,1,12722.2881168878,"case",0.962927837086351,"2021-10-17"
193,"California","2022-01-09",2022,2,21177.0668178314,"case",0.999999983976216,"2021-10-17"
194,"California","2022-01-16",2022,3,19905.8655791289,"case",0.999999999708293,"2021-10-17"
195,"California","2022-01-23",2022,4,15194.0449357469,"case",0.985080625707822,"2021-10-17"
196,"California","2022-01-30",2022,5,8615.37790622868,"case",0.989445341468477,"2021-10-17"
197,"California","2022-02-06",2022,6,4593.74263287603,"case",0.999999908075108,"2021-10-17"
198,"California","2022-02-13",2022,7,2354.84075470758,"case",0.999999925084573,"2021-10-17"
199,"California","2022-02-20",2022,8,1770.07429738991,"case",0.998822803762224,"2021-10-17"
200,"California","2022-02-27",2022,9,1108.01234340715,"case",0.996246007497007,"2021-10-17"
201,"California","2022-03-06",2022,10,815.468647201256,"case",0.995611625551535,"2021-10-17"
202,"California","2022-03-13",2022,11,728.605366471285,"case",0.994844761870555,"2021-10-17"
203,"California","2022-03-20",2022,12,613.126918166859,"case",0.993805944862439,"2021-10-17"
204,"California","2022-03-27",2022,13,492.145319274544,"case",0.992839559051464,"2021-10-17"
205,"California","2022-04-03",2022,14,598.12809487094,"case",0.992289988961907,"2021-10-17"
206,"California","2022-04-10",2022,15,663.550813838835,"case",0.992330635790906,"2021-10-17"
207,"California","2022-04-17",2022,16,836.842029408635,"case",0.992450967427035,"2021-10-17"
208,"California","2022-04-24",2022,17,1109.36363835369,"case",0.992177809971304,"2021-10-17"
209,"California","2022-05-01",2022,18,1349.85820486848,"case",0.991871355683024,"2021-10-17"
210,"California","2022-05-08",2022,19,1545.12048364534,"case",0.991991828799928,"2021-10-17"
211,"California","2022-05-15",2022,20,2465.6761098469,"case",0.99256621531515,"2021-10-17"
212,"California","2022-05-22",2022,21,2714.05214085625,"case",0.993498549408368,"2021-10-17"
213,"California","2022-05-29",2022,22,2613.26653771435,"case",0.99463429625006,"2021-10-17"
214,"California","2022-06-05",2022,23,3240.57964977857,"case",0.995804278758401,"2021-10-17"
215,"California","2022-06-12",2022,24,2640.22675973219,"case",0.996839319851565,"2021-10-17"
216,"California","2022-06-19",2022,25,3298.4592288439,"case",0.997607634654156,"2021-10-17"
217,"California","2022-06-26",2022,26,3324.55354449631,"case",0.998127007116481,"2021-10-17"
218,"California","2022-07-03",2022,27,3114.51446413402,"case",0.998429191867178,"2021-10-17"
219,"California","2022-07-10",2022,28,3933.01345515314,"case",0.998452257422507,"2021-10-17"
220,"California","2022-07-17",2022,29,3618.30265920152,"case",0.998172029071373,"2021-10-17"
221,"California","2022-07-24",2022,30,3062.78071071338,"case",0.997809045305651,"2021-10-17"
222,"California","2022-07-31",2022,31,2714.62882447395,"case",0.997591326960965,"2021-10-17"
223,"California","2022-08-07",2022,32,2296.76988314013,"case",0.997532111044977,"2021-10-17"
224,"California","2022-08-14",2022,33,2047.02929826268,"case",0.997590938608359,"2021-10-17"
225,"California","2022-08-21",2022,34,1889.23728550544,"case",0.997727350701782,"2021-10-17"
226,"California","2022-08-28",2022,35,1589.28814897585,"case",0.997907255174026,"2021-10-17"
227,"California","2022-09-04",2022,36,1171.761162299,"case",0.998122027066295,"2021-10-17"
228,"California","2022-09-11",2022,37,825.917834662563,"case",0.998312877814076,"2021-10-17"
229,"California","2022-09-18",2022,38,860.556769471043,"case",0.998194897237536,"2021-10-17"
230,"California","2022-09-25",2022,39,841.152190556132,"case",0.997592536024504,"2021-10-17"
231,"California","2022-10-02",2022,40,685.416759604962,"case",0.99699380994878,"2021-10-17"
369,"Florida","2021-11-14",2021,46,0,"case",0,"2021-11-14"
370,"Florida","2021-11-21",2021,47,0,"case",0,"2021-11-14"
371,"Florida","2021-11-28",2021,48,17.6720451671711,"case",0.024820529580998,"2021-11-14"
372,"Florida","2021-12-05",2021,49,183.987114935986,"case",0.290774603825157,"2021-11-14"
373,"Florida","2021-12-12",2021,50,990.631982928395,"case",0.609049441607735,"2021-11-14"
374,"Florida","2021-12-19",2021,51,4479.01994160778,"case",0.828839118800735,"2021-11-14"
375,"Florida","2021-12-26",2021,52,13379.1281230818,"case",0.950937673090637,"2021-11-14"
376,"Florida","2022-01-02",2022,1,21728.7695407848,"case",0.999999566154016,"2021-11-14"
377,"Florida","2022-01-09",2022,2,19035.5684369053,"case",0.999999834980723,"2021-11-14"
378,"Florida","2022-01-16",2022,3,12158.6508928616,"case",0.997099298020982,"2021-11-14"
379,"Florida","2022-01-23",2022,4,9084.1370089522,"case",0.986478506783978,"2021-11-14"
380,"Florida","2022-01-30",2022,5,5916.2019689043,"case",0.992684780255218,"2021-11-14"
381,"Florida","2022-02-06",2022,6,5222.57067416484,"case",0.999999994683246,"2021-11-14"
382,"Florida","2022-02-13",2022,7,1811.68993687563,"case",0.999999999736872,"2021-11-14"
383,"Florida","2022-02-20",2022,8,1052.4199222293,"case",0.997731110271523,"2021-11-14"
384,"Florida","2022-02-27",2022,9,600.070819711448,"case",0.99614803270497,"2021-11-14"
385,"Florida","2022-03-06",2022,10,392.576987700493,"case",0.997476078798467,"2021-11-14"
386,"Florida","2022-03-13",2022,11,433.821467997311,"case",0.998660599635602,"2021-11-14"
387,"Florida","2022-03-20",2022,12,344.747637795739,"case",0.99910930993768,"2021-11-14"
388,"Florida","2022-03-27",2022,13,544.400259790714,"case",0.998845515335437,"2021-11-14"
389,"Florida","2022-04-03",2022,14,543.183924283284,"case",0.99789252145961,"2021-11-14"
390,"Florida","2022-04-10",2022,15,628.054055261776,"case",0.996393841091437,"2021-11-14"
391,"Florida","2022-04-17",2022,16,962.835879018578,"case",0.994973815614166,"2021-11-14"
392,"Florida","2022-04-24",2022,17,1225.82707036977,"case",0.994259494897375,"2021-11-14"
393,"Florida","2022-05-01",2022,18,1780.53888655768,"case",0.994407934153956,"2021-11-14"
394,"Florida","2022-05-08",2022,19,1569.70727150041,"case",0.995298908991624,"2021-11-14"
395,"Florida","2022-05-15",2022,20,3228.53451198576,"case",0.996173071254074,"2021-11-14"
396,"Florida","2022-05-22",2022,21,2667.84280159034,"case",0.996352328329486,"2021-11-14"
397,"Florida","2022-05-29",2022,22,3846.3293660129,"case",0.996122733547988,"2021-11-14"
398,"Florida","2022-06-05",2022,23,3430.15530464091,"case",0.996011376725193,"2021-11-14"
399,"Florida","2022-06-12",2022,24,2953.24944309893,"case",0.996545347676718,"2021-11-14"
400,"Florida","2022-06-19",2022,25,3945.62176713075,"case",0.997927750160854,"2021-11-14"
401,"Florida","2022-06-26",2022,26,2948.90345394767,"case",0.999065743706597,"2021-11-14"
402,"Florida","2022-07-03",2022,27,3156.12883330912,"case",0.998975846202695,"2021-11-14"
403,"Florida","2022-07-10",2022,28,3635.78719881506,"case",0.998407953206201,"2021-11-14"
404,"Florida","2022-07-17",2022,29,3535.56026234121,"case",0.998288768467061,"2021-11-14"
405,"Florida","2022-07-24",2022,30,3411.77957378068,"case",0.998518850838491,"2021-11-14"
406,"Florida","2022-07-31",2022,31,3056.96372792446,"case",0.998793096125425,"2021-11-14"
407,"Florida","2022-08-07",2022,32,2520.207506669,"case",0.999009892836411,"2021-11-14"
408,"Florida","2022-08-14",2022,33,2112.79075414814,"case",0.999118502655895,"2021-11-14"
409,"Florida","2022-08-21",2022,34,2034.02502901876,"case",0.999068187268329,"2021-11-14"
410,"Florida","2022-08-28",2022,35,1807.74126153391,"case",0.998872945183265,"2021-11-14"
411,"Florida","2022-09-04",2022,36,1339.46147198069,"case",0.998805722210678,"2021-11-14"
412,"Florida","2022-09-11",2022,37,1067.29494071044,"case",0.999001134751568,"2021-11-14"
413,"Florida","2022-09-18",2022,38,812.54881500368,"case",0.998781534270629,"2021-11-14"
414,"Florida","2022-09-25",2022,39,550.186765252344,"case",0.997616432669531,"2021-11-14"
415,"Florida","2022-10-02",2022,40,498.565353649528,"case",0.996376248534154,"2021-11-14"
643,"Iowa","2021-11-28",2021,48,0,"case",0,"2021-11-28"
644,"Iowa","2021-12-05",2021,49,25.386740750386,"case",0.00686702195981827,"2021-11-28"
645,"Iowa","2021-12-12",2021,50,312.55991504897,"case",0.091803054475289,"2021-11-28"
646,"Iowa","2021-12-19",2021,51,604.648478530995,"case",0.27544156441796,"2021-11-28"
647,"Iowa","2021-12-26",2021,52,1830.3940347316,"case",0.500175065577743,"2021-11-28"
648,"Iowa","2022-01-02",2022,1,7194.81713946107,"case",0.698487698458399,"2021-11-28"
649,"Iowa","2022-01-09",2022,2,10114.4387944844,"case",0.853027597094735,"2021-11-28"
650,"Iowa","2022-01-16",2022,3,11224.6341915942,"case",0.958366211102563,"2021-11-28"
651,"Iowa","2022-01-23",2022,4,9484.0264224106,"case",0.999925388289224,"2021-11-28"
652,"Iowa","2022-01-30",2022,5,5518.33123412818,"case",0.999926563683713,"2021-11-28"
653,"Iowa","2022-02-06",2022,6,3116.39528810993,"case",0.996598954151326,"2021-11-28"
654,"Iowa","2022-02-13",2022,7,1875.75125856366,"case",0.99230827018049,"2021-11-28"
655,"Iowa","2022-02-20",2022,8,1048.0277259102,"case",0.996264187161038,"2021-11-28"
656,"Iowa","2022-02-27",2022,9,2117.1566079284,"case",0.997279381752264,"2021-11-28"
657,"Iowa","2022-03-06",2022,10,388.849218897441,"case",0.996625918007107,"2021-11-28"
658,"Iowa","2022-03-13",2022,11,244.195982263042,"case",0.996708173038364,"2021-11-28"
659,"Iowa","2022-03-20",2022,12,234.561707639674,"case",0.996041193704853,"2021-11-28"
660,"Iowa","2022-03-27",2022,13,237.982650539698,"case",0.995824829228493,"2021-11-28"
661,"Iowa","2022-04-03",2022,14,212.516585565882,"case",0.996292278783578,"2021-11-28"
662,"Iowa","2022-04-10",2022,15,335.110629736779,"case",0.997450466569452,"2021-11-28"
663,"Iowa","2022-04-17",2022,16,397.136522229786,"case",0.998401216885682,"2021-11-28"
664,"Iowa","2022-04-24",2022,17,552.410398956633,"case",0.998220777454814,"2021-11-28"
665,"Iowa","2022-05-01",2022,18,888.085399354247,"case",0.996788189591108,"2021-11-28"
666,"Iowa","2022-05-08",2022,19,1114.12922764694,"case",0.994386337276387,"2021-11-28"
667,"Iowa","2022-05-15",2022,20,1171.95387430871,"case",0.992110681571018,"2021-11-28"
668,"Iowa","2022-05-22",2022,21,837.07862144133,"case",0.991009998555684,"2021-11-28"
669,"Iowa","2022-05-29",2022,22,1709.86411922045,"case",0.99113374731377,"2021-11-28"
670,"Iowa","2022-06-05",2022,23,1243.86259595565,"case",0.992281557679336,"2021-11-28"
671,"Iowa","2022-06-12",2022,24,859.671052077773,"case",0.994253059486444,"2021-11-28"
672,"Iowa","2022-06-19",2022,25,1656.00704921076,"case",0.996722274084969,"2021-11-28"
673,"Iowa","2022-06-26",2022,26,862.072134102297,"case",0.998860788888041,"2021-11-28"
674,"Iowa","2022-07-03",2022,27,1279.46635569136,"case",0.999951923421135,"2021-11-28"
675,"Iowa","2022-07-10",2022,28,1644.26239731559,"case",0.99995431031197,"2021-11-28"
676,"Iowa","2022-07-17",2022,29,1708.60291694232,"case",0.999955816204267,"2021-11-28"
677,"Iowa","2022-07-24",2022,30,1880.06774633827,"case",0.999957070876513,"2021-11-28"
678,"Iowa","2022-07-31",2022,31,1786.57364036587,"case",0.999958292621808,"2021-11-28"
679,"Iowa","2022-08-07",2022,32,1790.06218490254,"case",0.999959542797532,"2021-11-28"
680,"Iowa","2022-08-14",2022,33,1503.2358276712,"case",0.999960839723925,"2021-11-28"
681,"Iowa","2022-08-21",2022,34,1565.04066147786,"case",0.999962097976704,"2021-11-28"
682,"Iowa","2022-08-28",2022,35,1555.8514124442,"case",0.999963356255924,"2021-11-28"
683,"Iowa","2022-09-04",2022,36,1331.46057615481,"case",0.999964608428648,"2021-11-28"
684,"Iowa","2022-09-11",2022,37,1267.12355764197,"case",0.999965863684205,"2021-11-28"
685,"Iowa","2022-09-18",2022,38,894.087065465271,"case",0.999967131385151,"2021-11-28"
686,"Iowa","2022-09-25",2022,39,647.191808028522,"case",0.999968392632982,"2021-11-28"
687,"Iowa","2022-10-02",2022,40,585.706154630996,"case",0.999969652214077,"2021-11-28"
917,"Massachusetts","2021-11-14",2021,46,0,"case",0,"2021-11-14"
918,"Massachusetts","2021-11-21",2021,47,0,"case",0,"2021-11-14"
919,"Massachusetts","2021-11-28",2021,48,19.797476248005,"case",0.00522032841469846,"2021-11-14"
920,"Massachusetts","2021-12-05",2021,49,148.264756279375,"case",0.0302834576218658,"2021-11-14"
921,"Massachusetts","2021-12-12",2021,50,909.720206035864,"case",0.174751240190151,"2021-11-14"
922,"Massachusetts","2021-12-19",2021,51,3399.27714384346,"case",0.468131789082149,"2021-11-14"
923,"Massachusetts","2021-12-26",2021,52,9441.62620458565,"case",0.764750419413424,"2021-11-14"
924,"Massachusetts","2022-01-02",2022,1,18908.1551733745,"case",0.935473220616374,"2021-11-14"
925,"Massachusetts","2022-01-09",2022,2,21233.94040143,"case",0.999999985778946,"2021-11-14"
926,"Massachusetts","2022-01-16",2022,3,15908.8304527153,"case",0.999532023935821,"2021-11-14"
927,"Massachusetts","2022-01-23",2022,4,8883.9498310847,"case",0.980271365766442,"2021-11-14"
928,"Massachusetts","2022-01-30",2022,5,4584.17127952569,"case",0.987048648797122,"2021-11-14"
929,"Massachusetts","2022-02-06",2022,6,2639.67965814227,"case",0.99999999795452,"2021-11-14"
930,"Massachusetts","2022-02-13",2022,7,1820.81893173601,"case",0.999999995971889,"2021-11-14"
931,"Massachusetts","2022-02-20",2022,8,1215.36594607503,"case",0.998678282000475,"2021-11-14"
932,"Massachusetts","2022-02-27",2022,9,892.990483015408,"case",0.997074288539633,"2021-11-14"
933,"Massachusetts","2022-03-06",2022,10,710.569269853764,"case",0.998287978837113,"2021-11-14"
934,"Massachusetts","2022-03-13",2022,11,762.722114876281,"case",0.998682459147248,"2021-11-14"
935,"Massachusetts","2022-03-20",2022,12,903.508032700603,"case",0.997985869537341,"2021-11-14"
936,"Massachusetts","2022-03-27",2022,13,1183.53900001097,"case",0.996767608527935,"2021-11-14"
937,"Massachusetts","2022-04-03",2022,14,1377.87397335727,"case",0.995597074639575,"2021-11-14"
938,"Massachusetts","2022-04-10",2022,15,2088.71826773852,"case",0.994989075025406,"2021-11-14"
939,"Massachusetts","2022-04-17",2022,16,2001.59761875719,"case",0.995240051368979,"2021-11-14"
940,"Massachusetts","2022-04-24",2022,17,2728.05797472656,"case",0.996351620123819,"2021-11-14"
941,"Massachusetts","2022-05-01",2022,18,3288.51576416713,"case",0.997364462292934,"2021-11-14"
942,"Massachusetts","2022-05-08",2022,19,4266.0231653681,"case",0.997407648079009,"2021-11-14"
943,"Massachusetts","2022-05-15",2022,20,4481.35013033343,"case",0.996924739933948,"2021-11-14"
944,"Massachusetts","2022-05-22",2022,21,3294.38360645681,"case",0.996556896671249,"2021-11-14"
945,"Massachusetts","2022-05-29",2022,22,2376.6640420407,"case",0.996421170301557,"2021-11-14"
946,"Massachusetts","2022-06-05",2022,23,2118.35534116519,"case",0.996503586134805,"2021-11-14"
947,"Massachusetts","2022-06-12",2022,24,1670.35494326295,"case",0.996790169480928,"2021-11-14"
948,"Massachusetts","2022-06-19",2022,25,1453.41515619145,"case",0.99727907658487,"2021-11-14"
949,"Massachusetts","2022-06-26",2022,26,1560.77191515556,"case",0.998016987431621,"2021-11-14"
950,"Massachusetts","2022-07-03",2022,27,1435.46428908578,"case",0.99898444254005,"2021-11-14"
951,"Massachusetts","2022-07-10",2022,28,1141.9379211428,"case",0.999848900824503,"2021-11-14"
952,"Massachusetts","2022-07-17",2022,29,1672.10663528184,"case",1,"2021-11-14"
953,"Massachusetts","2022-07-24",2022,30,1606.81830678928,"case",1,"2021-11-14"
954,"Massachusetts","2022-07-31",2022,31,1535.5814827951,"case",0.999999997818375,"2021-11-14"
955,"Massachusetts","2022-08-07",2022,32,1433.11462310055,"case",0.999569605248375,"2021-11-14"
956,"Massachusetts","2022-08-14",2022,33,1314.56244553903,"case",0.999076590535352,"2021-11-14"
957,"Massachusetts","2022-08-21",2022,34,1274.49018973254,"case",0.998684340177594,"2021-11-14"
958,"Massachusetts","2022-08-28",2022,35,1266.4832776306,"case",0.998540355813168,"2021-11-14"
959,"Massachusetts","2022-09-04",2022,36,1063.53683618738,"case",0.998832379620113,"2021-11-14"
960,"Massachusetts","2022-09-11",2022,37,1305.77908948132,"case",0.999565336693389,"2021-11-14"
961,"Massachusetts","2022-09-18",2022,38,1489.54873553279,"case",0.999972643255669,"2021-11-14"
962,"Massachusetts","2022-09-25",2022,39,1499.23221542477,"case",0.999367750726488,"2021-11-14"
963,"Massachusetts","2022-10-02",2022,40,1439.77660477778,"case",0.998155760185134,"2021-11-14"
964,"Michigan","2021-11-28",2021,48,0,"case",0,"2021-11-28"
965,"Michigan","2021-12-05",2021,49,15.7094989047321,"case",0.00312776154511993,"2021-11-28"
966,"Michigan","2021-12-12",2021,50,544.352929106212,"case",0.117016980079101,"2021-11-28"
967,"Michigan","2021-12-19",2021,51,1243.68667565427,"case",0.396847114274539,"2021-11-28"
968,"Michigan","2021-12-26",2021,52,4457.33598896346,"case",0.695847825966542,"2021-11-28"
969,"Michigan","2022-01-02",2022,1,12682.616696931,"case",0.87692458485462,"2021-11-28"
970,"Michigan","2022-01-09",2022,2,12315.6579505067,"case",0.961046372969391,"2021-11-28"
971,"Michigan","2022-01-16",2022,3,13732.313792362,"case",0.980928653544821,"2021-11-28"
972,"Michigan","2022-01-23",2022,4,10820.3220078742,"case",0.975059856409593,"2021-11-28"
973,"Michigan","2022-01-30",2022,5,5915.15669363838,"case",0.986800481624337,"2021-11-28"
974,"Michigan","2022-02-06",2022,6,2988.63007439978,"case",0.999063470424433,"2021-11-28"
975,"Michigan","2022-02-13",2022,7,1263.46043136482,"case",0.999999893263489,"2021-11-28"
976,"Michigan","2022-02-20",2022,8,2054.908485705,"case",0.998349737051101,"2021-11-28"
977,"Michigan","2022-02-27",2022,9,784.880446970899,"case",0.996755949388917,"2021-11-28"
978,"Michigan","2022-03-06",2022,10,592.424785143044,"case",0.998053578353458,"2021-11-28"
979,"Michigan","2022-03-13",2022,11,664.019181181981,"case",0.998714549355653,"2021-11-28"
980,"Michigan","2022-03-20",2022,12,564.356901118429,"case",0.998432536480583,"2021-11-28"
981,"Michigan","2022-03-27",2022,13,479.72924194418,"case",0.997706650981866,"2021-11-28"
982,"Michigan","2022-04-03",2022,14,431.286393483824,"case",0.997036004113119,"2021-11-28"
983,"Michigan","2022-04-10",2022,15,1344.64928104189,"case",0.996720855408459,"2021-11-28"
984,"Michigan","2022-04-17",2022,16,1044.86233121255,"case",0.996266057523996,"2021-11-28"
985,"Michigan","2022-04-24",2022,17,1443.33633229979,"case",0.995331691312141,"2021-11-28"
986,"Michigan","2022-05-01",2022,18,1887.49716851167,"case",0.994994157288519,"2021-11-28"
987,"Michigan","2022-05-08",2022,19,2763.59251185054,"case",0.996195748858406,"2021-11-28"
988,"Michigan","2022-05-15",2022,20,2924.47369311234,"case",0.997926011322473,"2021-11-28"
989,"Michigan","2022-05-22",2022,21,2597.54779186673,"case",0.998973288202356,"2021-11-28"
990,"Michigan","2022-05-29",2022,22,1954.65049047958,"case",0.999273864008161,"2021-11-28"
991,"Michigan","2022-06-05",2022,23,1845.97499091027,"case",0.999051008497111,"2021-11-28"
992,"Michigan","2022-06-12",2022,24,1557.55399826401,"case",0.998527991426429,"2021-11-28"
993,"Michigan","2022-06-19",2022,25,1067.31252081459,"case",0.99794939796694,"2021-11-28"
994,"Michigan","2022-06-26",2022,26,1433.80442522302,"case",0.997645074943877,"2021-11-28"
995,"Michigan","2022-07-03",2022,27,1309.07456036558,"case",0.997827845879173,"2021-11-28"
996,"Michigan","2022-07-10",2022,28,1667.21721458758,"case",0.998157179427163,"2021-11-28"
997,"Michigan","2022-07-17",2022,29,1643.82279594146,"case",0.998274441861207,"2021-11-28"
998,"Michigan","2022-07-24",2022,30,1964.54481336045,"case",0.998301944798377,"2021-11-28"
999,"Michigan","2022-07-31",2022,31,2016.79075839133,"case",0.998433594555881,"2021-11-28"
1000,"Michigan","2022-08-07",2022,32,1613.67258093899,"case",0.998668730907762,"2021-11-28"
1001,"Michigan","2022-08-14",2022,33,2317.13173367767,"case",0.998958051992271,"2021-11-28"
1002,"Michigan","2022-08-21",2022,34,1942.50135923322,"case",0.999252255947659,"2021-11-28"
1003,"Michigan","2022-08-28",2022,35,1917.22441175256,"case",0.999428230351913,"2021-11-28"
1004,"Michigan","2022-09-04",2022,36,1586.00629367899,"case",0.999067620541955,"2021-11-28"
1005,"Michigan","2022-09-11",2022,37,1836.16203130657,"case",0.997958510774871,"2021-11-28"
1006,"Michigan","2022-09-18",2022,38,1687.26414392045,"case",0.997009983229454,"2021-11-28"
1007,"Michigan","2022-09-25",2022,39,1465.3651116636,"case",0.997029010966987,"2021-11-28"
1008,"Michigan","2022-10-02",2022,40,1286.20401279625,"case",0.997293132657011,"2021-11-28"
1418,"New York","2021-11-14",2021,46,0,"case",0,"2021-11-14"
1419,"New York","2021-11-21",2021,47,13.3876720707546,"case",0.00579240014404209,"2021-11-14"
1420,"New York","2021-11-28",2021,48,111.643471676203,"case",0.0369107099897145,"2021-11-14"
1421,"New York","2021-12-05",2021,49,817.494412553782,"case",0.233825554258365,"2021-11-14"
1422,"New York","2021-12-12",2021,50,2330.2309376081,"case",0.49236213805783,"2021-11-14"
1423,"New York","2021-12-19",2021,51,6275.9795821785,"case",0.717919756067905,"2021-11-14"
1424,"New York","2021-12-26",2021,52,20661.7085244102,"case",0.879994848779184,"2021-11-14"
1425,"New York","2022-01-02",2022,1,24949.5013688793,"case",0.966774653659145,"2021-11-14"
1426,"New York","2022-01-09",2022,2,20433.8157234713,"case",0.995635550989739,"2021-11-14"
1427,"New York","2022-01-16",2022,3,10734.4271374868,"case",0.993008959495344,"2021-11-14"
1428,"New York","2022-01-23",2022,4,5443.97110611324,"case",0.985223447061776,"2021-11-14"
1429,"New York","2022-01-30",2022,5,2694.94042213319,"case",0.991136929640492,"2021-11-14"
1430,"New York","2022-02-06",2022,6,1942.31756547658,"case",0.999999821129287,"2021-11-14"
1431,"New York","2022-02-13",2022,7,1233.65576139733,"case",0.999999900301867,"2021-11-14"
1432,"New York","2022-02-20",2022,8,808.370345369872,"case",0.99706326554932,"2021-11-14"
1433,"New York","2022-02-27",2022,9,645.774542283066,"case",0.995295076101308,"2021-11-14"
1434,"New York","2022-03-06",2022,10,603.196567683273,"case",0.99578421795801,"2021-11-14"
1435,"New York","2022-03-13",2022,11,743.078114793465,"case",0.996863349693102,"2021-11-14"
1436,"New York","2022-03-20",2022,12,945.154082909583,"case",0.997970723310933,"2021-11-14"
1437,"New York","2022-03-27",2022,13,1193.02602255884,"case",0.998820989173517,"2021-11-14"
1438,"New York","2022-04-03",2022,14,1523.6364648546,"case",0.999128797642872,"2021-11-14"
1439,"New York","2022-04-10",2022,15,2075.27305334816,"case",0.998724759047194,"2021-11-14"
1440,"New York","2022-04-17",2022,16,2305.63240760515,"case",0.997903323579405,"2021-11-14"
1441,"New York","2022-04-24",2022,17,2563.49799834383,"case",0.997064233128592,"2021-11-14"
1442,"New York","2022-05-01",2022,18,3019.72944245166,"case",0.996564556503797,"2021-11-14"
1443,"New York","2022-05-08",2022,19,3672.99311648985,"case",0.996635640977144,"2021-11-14"
1444,"New York","2022-05-15",2022,20,3206.47493852449,"case",0.997048620753131,"2021-11-14"
1445,"New York","2022-05-22",2022,21,3124.63641666758,"case",0.997510627934819,"2021-11-14"
1446,"New York","2022-05-29",2022,22,2437.99907503413,"case",0.99793299928713,"2021-11-14"
1447,"New York","2022-06-05",2022,23,1980.02624639985,"case",0.998278122740456,"2021-11-14"
1448,"New York","2022-06-12",2022,24,2008.91855884213,"case",0.998508386225186,"2021-11-14"
1449,"New York","2022-06-19",2022,25,1843.64657280938,"case",0.998621497051042,"2021-11-14"
1450,"New York","2022-06-26",2022,26,2147.98575636645,"case",0.998756440045076,"2021-11-14"
1451,"New York","2022-07-03",2022,27,2221.72122108584,"case",0.999038169742218,"2021-11-14"
1452,"New York","2022-07-10",2022,28,2724.84151334726,"case",0.999394241991578,"2021-11-14"
1453,"New York","2022-07-17",2022,29,2697.13866575693,"case",0.999694228060606,"2021-11-14"
1454,"New York","2022-07-24",2022,30,2250.95367456197,"case",0.999773159575913,"2021-11-14"
1455,"New York","2022-07-31",2022,31,2613.5558667772,"case",0.999507912268188,"2021-11-14"
1456,"New York","2022-08-07",2022,32,2086.324907175,"case",0.998977277925278,"2021-11-14"
1457,"New York","2022-08-14",2022,33,1772.2028245359,"case",0.998310527349318,"2021-11-14"
1458,"New York","2022-08-21",2022,34,1661.21015668935,"case",0.997636931342444,"2021-11-14"
1459,"New York","2022-08-28",2022,35,1517.47286783233,"case",0.997103661427453,"2021-11-14"
1460,"New York","2022-09-04",2022,36,1215.26264386867,"case",0.9969294920098,"2021-11-14"
1461,"New York","2022-09-11",2022,37,1698.26422946075,"case",0.997171434062741,"2021-11-14"
1462,"New York","2022-09-18",2022,38,1793.70215526553,"case",0.99716784194809,"2021-11-14"
1463,"New York","2022-09-25",2022,39,1637.00502874046,"case",0.996388635646865,"2021-11-14"
1464,"New York","2022-10-02",2022,40,1530.76608160731,"case",0.995548654228357,"2021-11-14"
1690,"Pennsylvania","2021-11-14",2021,46,1.58301387943409,"case",0.000498468277040598,"2021-11-14"
1691,"Pennsylvania","2021-11-21",2021,47,7.9705853228689,"case",0.0024893109615996,"2021-11-14"
1692,"Pennsylvania","2021-11-28",2021,48,16.8618793455593,"case",0.00420651234291127,"2021-11-14"
1693,"Pennsylvania","2021-12-05",2021,49,92.4806243884788,"case",0.0210324196787131,"2021-11-14"
1694,"Pennsylvania","2021-12-12",2021,50,573.992817199363,"case",0.136897548891802,"2021-11-14"
1695,"Pennsylvania","2021-12-19",2021,51,2055.33111605402,"case",0.407179188484878,"2021-11-14"
1696,"Pennsylvania","2021-12-26",2021,52,5842.82781047813,"case",0.66807024899642,"2021-11-14"
1697,"Pennsylvania","2022-01-02",2022,1,11705.4643737391,"case",0.828211224701002,"2021-11-14"
1698,"Pennsylvania","2022-01-09",2022,2,13408.4057487529,"case",0.928327553327195,"2021-11-14"
1699,"Pennsylvania","2022-01-16",2022,3,10403.1421455315,"case",0.988641694535198,"2021-11-14"
1700,"Pennsylvania","2022-01-23",2022,4,6871.50638726147,"case",0.987527494197924,"2021-11-14"
1701,"Pennsylvania","2022-01-30",2022,5,3718.38644828602,"case",0.99182711550592,"2021-11-14"
1702,"Pennsylvania","2022-02-06",2022,6,1964.7728177182,"case",0.999999999997114,"2021-11-14"
1703,"Pennsylvania","2022-02-13",2022,7,1590.14353158865,"case",0.999999999991115,"2021-11-14"
1704,"Pennsylvania","2022-02-20",2022,8,1011.5364271146,"case",0.997817707891845,"2021-11-14"
1705,"Pennsylvania","2022-02-27",2022,9,567.523538011291,"case",0.994855551261349,"2021-11-14"
1706,"Pennsylvania","2022-03-06",2022,10,489.223691774818,"case",0.993659578080375,"2021-11-14"
1707,"Pennsylvania","2022-03-13",2022,11,397.480592922332,"case",0.994438573051627,"2021-11-14"
1708,"Pennsylvania","2022-03-20",2022,12,326.324958070252,"case",0.996329244846371,"2021-11-14"
1709,"Pennsylvania","2022-03-27",2022,13,326.002106685001,"case",0.998200283128011,"2021-11-14"
1710,"Pennsylvania","2022-04-03",2022,14,461.694809612963,"case",0.998920377559952,"2021-11-14"
1711,"Pennsylvania","2022-04-10",2022,15,633.820441514037,"case",0.997929199389724,"2021-11-14"
1712,"Pennsylvania","2022-04-17",2022,16,787.23478435651,"case",0.996950346201347,"2021-11-14"
1713,"Pennsylvania","2022-04-24",2022,17,1031.2225767518,"case",0.99748395044414,"2021-11-14"
1714,"Pennsylvania","2022-05-01",2022,18,686.540471683902,"case",0.997852357692112,"2021-11-14"
1715,"Pennsylvania","2022-05-08",2022,19,1659.0692176351,"case",0.996405792569114,"2021-11-14"
1716,"Pennsylvania","2022-05-15",2022,20,2904.08422578713,"case",0.994783782773671,"2021-11-14"
1717,"Pennsylvania","2022-05-22",2022,21,1983.52593916341,"case",0.994870602350125,"2021-11-14"
1718,"Pennsylvania","2022-05-29",2022,22,2178.23649531106,"case",0.996240207651414,"2021-11-14"
1719,"Pennsylvania","2022-06-05",2022,23,1515.77610476512,"case",0.997888975607622,"2021-11-14"
1720,"Pennsylvania","2022-06-12",2022,24,1119.90143612203,"case",0.998813283148836,"2021-11-14"
1721,"Pennsylvania","2022-06-19",2022,25,1408.3231447811,"case",0.998412748251915,"2021-11-14"
1722,"Pennsylvania","2022-06-26",2022,26,1026.22436108703,"case",0.997699953080819,"2021-11-14"
1723,"Pennsylvania","2022-07-03",2022,27,1157.61911517277,"case",0.997766591168895,"2021-11-14"
1724,"Pennsylvania","2022-07-10",2022,28,1539.72682937024,"case",0.998407837339951,"2021-11-14"
1725,"Pennsylvania","2022-07-17",2022,29,1594.78582593894,"case",0.999140187972314,"2021-11-14"
1726,"Pennsylvania","2022-07-24",2022,30,1741.95264931483,"case",0.99966194437194,"2021-11-14"
1727,"Pennsylvania","2022-07-31",2022,31,1944.10690696987,"case",0.99977646171175,"2021-11-14"
1728,"Pennsylvania","2022-08-07",2022,32,1757.56428621541,"case",0.99952550570488,"2021-11-14"
1729,"Pennsylvania","2022-08-14",2022,33,1285.55789775947,"case",0.999010444699523,"2021-11-14"
1730,"Pennsylvania","2022-08-21",2022,34,1572.44155537023,"case",0.998332647043869,"2021-11-14"
1731,"Pennsylvania","2022-08-28",2022,35,1423.39590932568,"case",0.997716752837948,"2021-11-14"
1732,"Pennsylvania","2022-09-04",2022,36,1318.01091156219,"case",0.997880489189134,"2021-11-14"
1733,"Pennsylvania","2022-09-11",2022,37,1419.15686120544,"case",0.999176732465849,"2021-11-14"
1734,"Pennsylvania","2022-09-18",2022,38,1429.77782551321,"case",0.999999999708479,"2021-11-14"
1735,"Pennsylvania","2022-09-25",2022,39,1186.44621524351,"case",0.998939256602372,"2021-11-14"
1736,"Pennsylvania","2022-10-02",2022,40,968.287201509473,"case",0.997184627348167,"2021-11-14"
1915,"Texas","2021-11-14",2021,46,0,"case",0,"2021-11-14"
1916,"Texas","2021-11-21",2021,47,0,"case",0,"2021-11-14"
1917,"Texas","2021-11-28",2021,48,25.0043540738635,"case",0.0246984593836693,"2021-11-14"
1918,"Texas","2021-12-05",2021,49,439.702524113036,"case",0.325950711097565,"2021-11-14"
1919,"Texas","2021-12-12",2021,50,838.035600170398,"case",0.666070405578214,"2021-11-14"
1920,"Texas","2021-12-19",2021,51,1544.51123890793,"case",0.864715183845398,"2021-11-14"
1921,"Texas","2021-12-26",2021,52,3574.64526476578,"case",0.951353728447565,"2021-11-14"
1922,"Texas","2022-01-02",2022,1,14213.0191295163,"case",0.985574616179748,"2021-11-14"
1923,"Texas","2022-01-09",2022,2,16327.6703219729,"case",0.996472794069509,"2021-11-14"
1924,"Texas","2022-01-16",2022,3,13867.7993192335,"case",0.995080534605242,"2021-11-14"
1925,"Texas","2022-01-23",2022,4,9927.57137480412,"case",0.991044130698984,"2021-11-14"
1926,"Texas","2022-01-30",2022,5,6336.7306227399,"case",0.995088369453019,"2021-11-14"
1927,"Texas","2022-02-06",2022,6,3687.02691798457,"case",0.999921375998929,"2021-11-14"
1928,"Texas","2022-02-13",2022,7,2215.71135555957,"case",0.999852197400308,"2021-11-14"
1929,"Texas","2022-02-20",2022,8,1278.73984635952,"case",0.997744696598647,"2021-11-14"
1930,"Texas","2022-02-27",2022,9,764.728047991688,"case",0.997344644309327,"2021-11-14"
1931,"Texas","2022-03-06",2022,10,1073.88362792425,"case",0.998371281000987,"2021-11-14"
1932,"Texas","2022-03-13",2022,11,626.775298966127,"case",0.999005166147825,"2021-11-14"
1933,"Texas","2022-03-20",2022,12,1271.35513220518,"case",0.998917790000012,"2021-11-14"
1934,"Texas","2022-03-27",2022,13,619.631483486595,"case",0.99815337550171,"2021-11-14"
1935,"Texas","2022-04-03",2022,14,632.17066994896,"case",0.996756145597082,"2021-11-14"
1936,"Texas","2022-04-10",2022,15,388.989151521869,"case",0.995066885559688,"2021-11-14"
1937,"Texas","2022-04-17",2022,16,714.747841974778,"case",0.994612629980682,"2021-11-14"
1938,"Texas","2022-04-24",2022,17,532.783622835129,"case",0.996293726717161,"2021-11-14"
1939,"Texas","2022-05-01",2022,18,661.831377418741,"case",0.99731752737241,"2021-11-14"
1940,"Texas","2022-05-08",2022,19,807.120910741817,"case",0.995202495342802,"2021-11-14"
1941,"Texas","2022-05-15",2022,20,899.348912026376,"case",0.992404537450861,"2021-11-14"
1942,"Texas","2022-05-22",2022,21,958.028940049961,"case",0.991819949308941,"2021-11-14"
1943,"Texas","2022-05-29",2022,22,1569.84117657433,"case",0.993169138262553,"2021-11-14"
1944,"Texas","2022-06-05",2022,23,1580.71401977831,"case",0.995378539590498,"2021-11-14"
1945,"Texas","2022-06-12",2022,24,1606.62034317913,"case",0.997374588571577,"2021-11-14"
1946,"Texas","2022-06-19",2022,25,2222.66810551283,"case",0.998345904886464,"2021-11-14"
1947,"Texas","2022-06-26",2022,26,2272.77014844445,"case",0.998529845823322,"2021-11-14"
1948,"Texas","2022-07-03",2022,27,2833.1867825145,"case",0.998404836982126,"2021-11-14"
1949,"Texas","2022-07-10",2022,28,3054.43187899644,"case",0.998364839602611,"2021-11-14"
1950,"Texas","2022-07-17",2022,29,2870.15511176329,"case",0.998652139823965,"2021-11-14"
1951,"Texas","2022-07-24",2022,30,2431.50027222808,"case",0.998986787743435,"2021-11-14"
1952,"Texas","2022-07-31",2022,31,2641.76383944282,"case",0.999051425124712,"2021-11-14"
1953,"Texas","2022-08-07",2022,32,2376.10366518269,"case",0.998901296439202,"2021-11-14"
1954,"Texas","2022-08-14",2022,33,2013.29013297466,"case",0.998684796835242,"2021-11-14"
1955,"Texas","2022-08-21",2022,34,1824.57615727059,"case",0.998550321461165,"2021-11-14"
1956,"Texas","2022-08-28",2022,35,1988.86186164515,"case",0.998611263670392,"2021-11-14"
1957,"Texas","2022-09-04",2022,36,1458.68727192891,"case",0.998841009636682,"2021-11-14"
1958,"Texas","2022-09-11",2022,37,1299.7379699085,"case",0.999099904738695,"2021-11-14"
1959,"Texas","2022-09-18",2022,38,884.149616103273,"case",0.998936138354356,"2021-11-14"
1960,"Texas","2022-09-25",2022,39,647.590803722287,"case",0.998058141885075,"2021-11-14"
1961,"Texas","2022-10-02",2022,40,473.427722057291,"case",0.997127470826925,"2021-11-14"
2101,"Washington","2021-11-14",2021,46,0,"case",0,"2021-11-14"
2102,"Washington","2021-11-21",2021,47,0,"case",0,"2021-11-14"
2103,"Washington","2021-11-28",2021,48,34.9764474715368,"case",0.0209059580075254,"2021-11-14"
2104,"Washington","2021-12-05",2021,49,246.684900345534,"case",0.198235449646148,"2021-11-14"
2105,"Washington","2021-12-12",2021,50,588.249018423193,"case",0.448124583098004,"2021-11-14"
2106,"Washington","2021-12-19",2021,51,1328.93635370827,"case",0.694081490898395,"2021-11-14"
2107,"Washington","2021-12-26",2021,52,4073.82605322928,"case",0.882653772718183,"2021-11-14"
2108,"Washington","2022-01-02",2022,1,10623.2582361176,"case",0.979749473511255,"2021-11-14"
2109,"Washington","2022-01-09",2022,2,14574.071831827,"case",0.999999978137288,"2021-11-14"
2110,"Washington","2022-01-16",2022,3,14528.6449548537,"case",0.994284863540948,"2021-11-14"
2111,"Washington","2022-01-23",2022,4,17618.6124069561,"case",0.980049295353683,"2021-11-14"
2112,"Washington","2022-01-30",2022,5,9158.48179431631,"case",0.987285478364171,"2021-11-14"
2113,"Washington","2022-02-06",2022,6,5771.71596346068,"case",0.999999988353962,"2021-11-14"
2114,"Washington","2022-02-13",2022,7,220.226337855607,"case",0.999999999136727,"2021-11-14"
2115,"Washington","2022-02-20",2022,8,1085.07825597223,"case",0.997315004931223,"2021-11-14"
2116,"Washington","2022-02-27",2022,9,1543.27042381776,"case",0.994822580837797,"2021-11-14"
2117,"Washington","2022-03-06",2022,10,1028.41346770647,"case",0.99520377638121,"2021-11-14"
2118,"Washington","2022-03-13",2022,11,939.771913728056,"case",0.996555154914966,"2021-11-14"
2119,"Washington","2022-03-20",2022,12,793.227540619322,"case",0.99807383451244,"2021-11-14"
2120,"Washington","2022-03-27",2022,13,686.547033598756,"case",0.999232071926975,"2021-11-14"
2121,"Washington","2022-04-03",2022,14,1418.35478856921,"case",0.999502123911912,"2021-11-14"
2122,"Washington","2022-04-10",2022,15,984.269832773809,"case",0.998682139866815,"2021-11-14"
2123,"Washington","2022-04-17",2022,16,1165.62213084397,"case",0.997873839776142,"2021-11-14"
2124,"Washington","2022-04-24",2022,17,1869.78941569014,"case",0.997984603141023,"2021-11-14"
2125,"Washington","2022-05-01",2022,18,1617.14081371473,"case",0.997840876944378,"2021-11-14"
2126,"Washington","2022-05-08",2022,19,2618.16080781158,"case",0.996352544141865,"2021-11-14"
2127,"Washington","2022-05-15",2022,20,2860.72340888582,"case",0.994844164098312,"2021-11-14"
2128,"Washington","2022-05-22",2022,21,2786.76438768289,"case",0.994792453985362,"2021-11-14"
2129,"Washington","2022-05-29",2022,22,2392.07867493805,"case",0.995868085792743,"2021-11-14"
2130,"Washington","2022-06-05",2022,23,2482.84880625774,"case",0.997290220214706,"2021-11-14"
2131,"Washington","2022-06-12",2022,24,2339.66094944122,"case",0.998278017945499,"2021-11-14"
2132,"Washington","2022-06-19",2022,25,2374.29112604424,"case",0.998341958899855,"2021-11-14"
2133,"Washington","2022-06-26",2022,26,2564.1808599469,"case",0.99815779987443,"2021-11-14"
2134,"Washington","2022-07-03",2022,27,2432.1705918171,"case",0.998421499430399,"2021-11-14"
2135,"Washington","2022-07-10",2022,28,2218.7785816351,"case",0.99874454630508,"2021-11-14"
2136,"Washington","2022-07-17",2022,29,2399.67341192917,"case",0.99864773564245,"2021-11-14"
2137,"Washington","2022-07-24",2022,30,1553.63005924549,"case",0.998373558036968,"2021-11-14"
2138,"Washington","2022-07-31",2022,31,2163.29017107908,"case",0.998256161720939,"2021-11-14"
2139,"Washington","2022-08-07",2022,32,1561.07962309752,"case",0.99827463002754,"2021-11-14"
2140,"Washington","2022-08-14",2022,33,1319.13719549516,"case",0.998319280065171,"2021-11-14"
2141,"Washington","2022-08-21",2022,34,1085.34206208974,"case",0.998280428942232,"2021-11-14"
2142,"Washington","2022-08-28",2022,35,1057.04501063153,"case",0.998051413780901,"2021-11-14"
2143,"Washington","2022-09-04",2022,36,865.505433256681,"case",0.997537651758478,"2021-11-14"
2144,"Washington","2022-09-11",2022,37,927.473336989378,"case",0.996839833666487,"2021-11-14"
2145,"Washington","2022-09-18",2022,38,981.656690064064,"case",0.996827664698228,"2021-11-14"
2146,"Washington","2022-09-25",2022,39,1031.31040435174,"case",0.998134008506004,"2021-11-14"
2147,"Washington","2022-10-02",2022,40,832.439980809471,"case",0.99967534817634,"2021-11-14"
2240,"Wyoming","2021-11-28",2021,48,0,"case",0,"2021-11-28"
2241,"Wyoming","2021-12-05",2021,49,40.7789850970973,"case",0.0224773377483914,"2021-11-28"
2242,"Wyoming","2021-12-12",2021,50,120.641134243259,"case",0.0967065681627349,"2021-11-28"
2243,"Wyoming","2021-12-19",2021,51,462.389819504005,"case",0.406705576818113,"2021-11-28"
2244,"Wyoming","2021-12-26",2021,52,1796.04330432025,"case",0.744610477625419,"2021-11-28"
2245,"Wyoming","2022-01-02",2022,1,6838.25016771256,"case",0.938065614793826,"2021-11-28"
2246,"Wyoming","2022-01-09",2022,2,11422.4056410332,"case",0.999972782695314,"2021-11-28"
2247,"Wyoming","2022-01-16",2022,3,15311.2361479244,"case",0.995564062659996,"2021-11-28"
2248,"Wyoming","2022-01-23",2022,4,15416.7579254269,"case",0.974400720777782,"2021-11-28"
2249,"Wyoming","2022-01-30",2022,5,9051.52614073336,"case",0.985450003326692,"2021-11-28"
2250,"Wyoming","2022-02-06",2022,6,4732.29075307297,"case",0.999947376399327,"2021-11-28"
2251,"Wyoming","2022-02-13",2022,7,2593.33593451698,"case",0.999944378497741,"2021-11-28"
2252,"Wyoming","2022-02-20",2022,8,1428.00649827446,"case",0.999361079727722,"2021-11-28"
2253,"Wyoming","2022-02-27",2022,9,891.173298413767,"case",0.997629723436466,"2021-11-28"
2254,"Wyoming","2022-03-06",2022,10,549.203614809639,"case",0.999548851898149,"2021-11-28"
2255,"Wyoming","2022-03-13",2022,11,281.623004481644,"case",0.999949990495655,"2021-11-28"
2256,"Wyoming","2022-03-20",2022,12,257.435483883781,"case",0.9999537128664,"2021-11-28"
2257,"Wyoming","2022-03-27",2022,13,191.739219833762,"case",0.999736929115029,"2021-11-28"
2258,"Wyoming","2022-04-03",2022,14,196.894263450626,"case",0.999599359828253,"2021-11-28"
2259,"Wyoming","2022-04-10",2022,15,0,"case",0.999770851772887,"2021-11-28"
2260,"Wyoming","2022-04-17",2022,16,230.581747321352,"case",0.995904936551924,"2021-11-28"
2261,"Wyoming","2022-04-24",2022,17,265.472975480302,"case",0.972435910227875,"2021-11-28"
2262,"Wyoming","2022-05-01",2022,18,322.316494373939,"case",0.956633702396752,"2021-11-28"
2263,"Wyoming","2022-05-08",2022,19,479.125245206559,"case",0.969573593673088,"2021-11-28"
2264,"Wyoming","2022-05-15",2022,20,648.610656264873,"case",0.993093266691009,"2021-11-28"
2265,"Wyoming","2022-05-22",2022,21,780.970480150524,"case",0.999986048941233,"2021-11-28"
2266,"Wyoming","2022-05-29",2022,22,1055.69478595175,"case",0.999988311984703,"2021-11-28"
2267,"Wyoming","2022-06-05",2022,23,2133.85542315886,"case",0.999990308382187,"2021-11-28"
2268,"Wyoming","2022-06-12",2022,24,4225.42384952193,"case",0.996943368008749,"2021-11-28"
2269,"Wyoming","2022-06-19",2022,25,2035.22158012505,"case",0.998222717365757,"2021-11-28"
2270,"Wyoming","2022-06-26",2022,26,1928.25223837998,"case",0.999994029778277,"2021-11-28"
2271,"Wyoming","2022-07-03",2022,27,2009.46176985376,"case",0.999994913550126,"2021-11-28"
2272,"Wyoming","2022-07-10",2022,28,3052.77548126773,"case",0.999898859515015,"2021-11-28"
2273,"Wyoming","2022-07-17",2022,29,2231.51029283746,"case",0.999618162207675,"2021-11-28"
2274,"Wyoming","2022-07-24",2022,30,2337.61284019865,"case",0.999936784760186,"2021-11-28"
2275,"Wyoming","2022-07-31",2022,31,2230.63139787749,"case",0.9999984486477,"2021-11-28"
2276,"Wyoming","2022-08-07",2022,32,1988.73664447712,"case",0.999999332424788,"2021-11-28"
2277,"Wyoming","2022-08-14",2022,33,1752.02405616,"case",0.99999969498926,"2021-11-28"
2278,"Wyoming","2022-08-21",2022,34,1254.31949795228,"case",0.999929336522538,"2021-11-28"
2279,"Wyoming","2022-08-28",2022,35,1062.57956378219,"case",0.999963391471576,"2021-11-28"
2280,"Wyoming","2022-09-04",2022,36,798.259724686787,"case",1,"2021-11-28"
2281,"Wyoming","2022-09-11",2022,37,787.89271527527,"case",1,"2021-11-28"
2282,"Wyoming","2022-09-18",2022,38,881.193262508974,"case",0.999997120424375,"2021-11-28"
2283,"Wyoming","2022-09-25",2022,39,815.531370246933,"case",0.999991780323612,"2021-11-28"
2284,"Wyoming","2022-10-02",2022,40,755.063574242416,"case",0.999999631956445,"2021-11-28"
2465,"California","2021-10-17",2021,42,0.00526689610665778,"death",0.000280845848156672,"2021-10-17"
2466,"California","2021-10-24",2021,43,0.0030711830700544,"death",0.000194158832540502,"2021-10-17"
2467,"California","2021-10-31",2021,44,0,"death",0,"2021-10-17"
2468,"California","2021-11-07",2021,45,0,"death",0,"2021-10-17"
2469,"California","2021-11-14",2021,46,0.013337003431403,"death",0.000813232490329258,"2021-10-17"
2470,"California","2021-11-21",2021,47,0.0214609287566879,"death",0.00189702237767644,"2021-10-17"
2471,"California","2021-11-28",2021,48,0,"death",0,"2021-10-17"
2472,"California","2021-12-05",2021,49,0,"death",0,"2021-10-17"
2473,"California","2021-12-12",2021,50,0,"death",0,"2021-10-17"
2474,"California","2021-12-19",2021,51,0.0310761977736295,"death",0.00305445188165111,"2021-10-17"
2475,"California","2021-12-26",2021,52,0.906198770764825,"death",0.0918100715712453,"2021-10-17"
2476,"California","2022-01-02",2022,1,3.75323163885841,"death",0.275136410918792,"2021-10-17"
2477,"California","2022-01-09",2022,2,10.0209122851458,"death",0.551460335479277,"2021-10-17"
2478,"California","2022-01-16",2022,3,16.6838976069812,"death",0.814855232084315,"2021-10-17"
2479,"California","2022-01-23",2022,4,29.9511954004492,"death",0.962927837086351,"2021-10-17"
2480,"California","2022-01-30",2022,5,31.9647917496812,"death",0.999999983976216,"2021-10-17"
2481,"California","2022-02-06",2022,6,35.2549133870208,"death",0.999999999708293,"2021-10-17"
2482,"California","2022-02-13",2022,7,33.9062079843657,"death",0.985080625707822,"2021-10-17"
2483,"California","2022-02-20",2022,8,28.0965632616426,"death",0.989445341468477,"2021-10-17"
2484,"California","2022-02-27",2022,9,31.686394483804,"death",0.999999908075108,"2021-10-17"
2485,"California","2022-03-06",2022,10,25.1061532448806,"death",0.999999925084573,"2021-10-17"
2486,"California","2022-03-13",2022,11,19.4646997942108,"death",0.998822803762224,"2021-10-17"
2487,"California","2022-03-20",2022,12,13.9179158848731,"death",0.996246007497007,"2021-10-17"
2488,"California","2022-03-27",2022,13,9.27270222692773,"death",0.995611625551535,"2021-10-17"
2489,"California","2022-04-03",2022,14,8.88788770351661,"death",0.994844761870555,"2021-10-17"
2490,"California","2022-04-10",2022,15,7.92283624820776,"death",0.993805944862439,"2021-10-17"
2491,"California","2022-04-17",2022,16,8.69408151072155,"death",0.992839559051464,"2021-10-17"
2492,"California","2022-04-24",2022,17,8.2623396402796,"death",0.992289988961907,"2021-10-17"
2493,"California","2022-05-01",2022,18,7.15763907286128,"death",0.992330635790906,"2021-10-17"
2494,"California","2022-05-08",2022,19,6.45521510214062,"death",0.992450967427035,"2021-10-17"
2495,"California","2022-05-15",2022,20,6.07677857085023,"death",0.992177809971304,"2021-10-17"
2496,"California","2022-05-22",2022,21,6.52675382191446,"death",0.991871355683024,"2021-10-17"
2497,"California","2022-05-29",2022,22,4.920765871482,"death",0.991991828799928,"2021-10-17"
2498,"California","2022-06-05",2022,23,5.09945850702896,"death",0.99256621531515,"2021-10-17"
2499,"California","2022-06-12",2022,24,5.63227422226977,"death",0.993498549408368,"2021-10-17"
2500,"California","2022-06-19",2022,25,4.65697272477585,"death",0.99463429625006,"2021-10-17"
2501,"California","2022-06-26",2022,26,6.80465777045165,"death",0.995804278758401,"2021-10-17"
2502,"California","2022-07-03",2022,27,6.35761517651372,"death",0.996839319851565,"2021-10-17"
2503,"California","2022-07-10",2022,28,6.31201916084395,"death",0.997607634654156,"2021-10-17"
2504,"California","2022-07-17",2022,29,7.12366439131627,"death",0.998127007116481,"2021-10-17"
2505,"California","2022-07-24",2022,30,7.27743430830878,"death",0.998429191867178,"2021-10-17"
2506,"California","2022-07-31",2022,31,7.73245258236387,"death",0.998452257422507,"2021-10-17"
2507,"California","2022-08-07",2022,32,7.95764361720378,"death",0.998172029071373,"2021-10-17"
2508,"California","2022-08-14",2022,33,7.90424348386242,"death",0.997809045305651,"2021-10-17"
2509,"California","2022-08-21",2022,34,9.24064499402409,"death",0.997591326960965,"2021-10-17"
2510,"California","2022-08-28",2022,35,4.64529440503198,"death",0.997532111044977,"2021-10-17"
2511,"California","2022-09-04",2022,36,7.82677276772282,"death",0.997590938608359,"2021-10-17"
2512,"California","2022-09-11",2022,37,5.95926113207097,"death",0.997727350701782,"2021-10-17"
2513,"California","2022-09-18",2022,38,3.71258196509424,"death",0.997907255174026,"2021-10-17"
2514,"California","2022-09-25",2022,39,5.81005189774435,"death",0.998122027066295,"2021-10-17"
2515,"California","2022-10-02",2022,40,5.60903543378779,"death",0.998312877814076,"2021-10-17"
2653,"Florida","2021-11-14",2021,46,0,"death",0,"2021-11-14"
2654,"Florida","2021-11-21",2021,47,0.0343435293733421,"death",0.0111760801747336,"2021-11-14"
2655,"Florida","2021-11-28",2021,48,0.296339253714787,"death",0.0114886219387409,"2021-11-14"
2656,"Florida","2021-12-05",2021,49,0,"death",0,"2021-11-14"
2657,"Florida","2021-12-12",2021,50,0,"death",0,"2021-11-14"
2658,"Florida","2021-12-19",2021,51,0.146766265774962,"death",0.024820529580998,"2021-11-14"
2659,"Florida","2021-12-26",2021,52,2.12553179138704,"death",0.290774603825157,"2021-11-14"
2660,"Florida","2022-01-02",2022,1,5.21773300677922,"death",0.609049441607735,"2021-11-14"
2661,"Florida","2022-01-09",2022,2,18.1375899069975,"death",0.828839118800735,"2021-11-14"
2662,"Florida","2022-01-16",2022,3,26.7866811210062,"death",0.950937673090637,"2021-11-14"
2663,"Florida","2022-01-23",2022,4,55.4993052971822,"death",0.999999566154016,"2021-11-14"
2664,"Florida","2022-01-30",2022,5,61.6452180932506,"death",0.999999834980723,"2021-11-14"
2665,"Florida","2022-02-06",2022,6,60.0272455306222,"death",0.997099298020982,"2021-11-14"
2666,"Florida","2022-02-13",2022,7,61.0872744192133,"death",0.986478506783978,"2021-11-14"
2667,"Florida","2022-02-20",2022,8,41.0426892212449,"death",0.992684780255218,"2021-11-14"
2668,"Florida","2022-02-27",2022,9,56.1977266777537,"death",0.999999994683246,"2021-11-14"
2669,"Florida","2022-03-06",2022,10,40.1811419784552,"death",0.999999999736872,"2021-11-14"
2670,"Florida","2022-03-13",2022,11,39.2073455908863,"death",0.997731110271523,"2021-11-14"
2671,"Florida","2022-03-20",2022,12,14.9808992708918,"death",0.99614803270497,"2021-11-14"
2672,"Florida","2022-03-27",2022,13,12.2143319253791,"death",0.997476078798467,"2021-11-14"
2673,"Florida","2022-04-03",2022,14,12.3218316205024,"death",0.998660599635602,"2021-11-14"
2674,"Florida","2022-04-10",2022,15,6.23346153887856,"death",0.99910930993768,"2021-11-14"
2675,"Florida","2022-04-17",2022,16,6.55735833166672,"death",0.998845515335437,"2021-11-14"
2676,"Florida","2022-04-24",2022,17,5.48248251350848,"death",0.99789252145961,"2021-11-14"
2677,"Florida","2022-05-01",2022,18,6.35569549201235,"death",0.996393841091437,"2021-11-14"
2678,"Florida","2022-05-08",2022,19,4.30830142170553,"death",0.994973815614166,"2021-11-14"
2679,"Florida","2022-05-15",2022,20,7.03646958822528,"death",0.994259494897375,"2021-11-14"
2680,"Florida","2022-05-22",2022,21,6.29672851683295,"death",0.994407934153956,"2021-11-14"
2681,"Florida","2022-05-29",2022,22,9.31453256492136,"death",0.995298908991624,"2021-11-14"
2682,"Florida","2022-06-05",2022,23,10.1575832968177,"death",0.996173071254074,"2021-11-14"
2683,"Florida","2022-06-12",2022,24,9.74190106477196,"death",0.996352328329486,"2021-11-14"
2684,"Florida","2022-06-19",2022,25,22.1693126531877,"death",0.996122733547988,"2021-11-14"
2685,"Florida","2022-06-26",2022,26,14.7005993425605,"death",0.996011376725193,"2021-11-14"
2686,"Florida","2022-07-03",2022,27,14.0124955901252,"death",0.996545347676718,"2021-11-14"
2687,"Florida","2022-07-10",2022,28,21.7913141792099,"death",0.997927750160854,"2021-11-14"
2688,"Florida","2022-07-17",2022,29,20.2811247877779,"death",0.999065743706597,"2021-11-14"
2689,"Florida","2022-07-24",2022,30,21.7211766852652,"death",0.998975846202695,"2021-11-14"
2690,"Florida","2022-07-31",2022,31,22.4061144544879,"death",0.998407953206201,"2021-11-14"
2691,"Florida","2022-08-07",2022,32,23.797844691698,"death",0.998288768467061,"2021-11-14"
2692,"Florida","2022-08-14",2022,33,21.2928221294463,"death",0.998518850838491,"2021-11-14"
2693,"Florida","2022-08-21",2022,34,25.8560276366983,"death",0.998793096125425,"2021-11-14"
2694,"Florida","2022-08-28",2022,35,21.1172383453495,"death",0.999009892836411,"2021-11-14"
2695,"Florida","2022-09-04",2022,36,16.7002483759563,"death",0.999118502655895,"2021-11-14"
2696,"Florida","2022-09-11",2022,37,18.4205161911731,"death",0.999068187268329,"2021-11-14"
2697,"Florida","2022-09-18",2022,38,16.6031291579008,"death",0.998872945183265,"2021-11-14"
2698,"Florida","2022-09-25",2022,39,12.8816730110978,"death",0.998805722210678,"2021-11-14"
2699,"Florida","2022-10-02",2022,40,11.3957666030706,"death",0.999001134751568,"2021-11-14"
2927,"Iowa","2021-11-28",2021,48,0,"death",0,"2021-11-28"
2928,"Iowa","2021-12-05",2021,49,0,"death",0,"2021-11-28"
2929,"Iowa","2021-12-12",2021,50,0,"death",0,"2021-11-28"
2930,"Iowa","2021-12-19",2021,51,0,"death",0,"2021-11-28"
2931,"Iowa","2021-12-26",2021,52,0.128413726360834,"death",0.00686702195981827,"2021-11-28"
2932,"Iowa","2022-01-02",2022,1,4.68461611644798,"death",0.091803054475289,"2021-11-28"
2933,"Iowa","2022-01-09",2022,2,15.8888280526482,"death",0.27544156441796,"2021-11-28"
2934,"Iowa","2022-01-16",2022,3,18.3895468585541,"death",0.500175065577743,"2021-11-28"
2935,"Iowa","2022-01-23",2022,4,40.734987343021,"death",0.698487698458399,"2021-11-28"
2936,"Iowa","2022-01-30",2022,5,42.1772908831749,"death",0.853027597094735,"2021-11-28"
2937,"Iowa","2022-02-06",2022,6,52.245746785219,"death",0.958366211102563,"2021-11-28"
2938,"Iowa","2022-02-13",2022,7,37.7142571183579,"death",0.999925388289224,"2021-11-28"
2939,"Iowa","2022-02-20",2022,8,43.4189857038572,"death",0.999926563683713,"2021-11-28"
2940,"Iowa","2022-02-27",2022,9,27.1650106200541,"death",0.996598954151326,"2021-11-28"
2941,"Iowa","2022-03-06",2022,10,28.6206177949854,"death",0.99230827018049,"2021-11-28"
2942,"Iowa","2022-03-13",2022,11,27.4716517487758,"death",0.996264187161038,"2021-11-28"
2943,"Iowa","2022-03-20",2022,12,16.7526575425807,"death",0.997279381752264,"2021-11-28"
2944,"Iowa","2022-03-27",2022,13,13.58287279658,"death",0.996625918007107,"2021-11-28"
2945,"Iowa","2022-04-03",2022,14,2.84316150112209,"death",0.996708173038364,"2021-11-28"
2946,"Iowa","2022-04-10",2022,15,6.62960411902174,"death",0.996041193704853,"2021-11-28"
2947,"Iowa","2022-04-17",2022,16,11.0469400117897,"death",0.995824829228493,"2021-11-28"
2948,"Iowa","2022-04-24",2022,17,5.99972529829385,"death",0.996292278783578,"2021-11-28"
2949,"Iowa","2022-05-01",2022,18,1.26456841410105,"death",0.997450466569452,"2021-11-28"
2950,"Iowa","2022-05-08",2022,19,6.96175576817154,"death",0.998401216885682,"2021-11-28"
2951,"Iowa","2022-05-15",2022,20,5.37856631286528,"death",0.998220777454814,"2021-11-28"
2952,"Iowa","2022-05-22",2022,21,5.05491511549909,"death",0.996788189591108,"2021-11-28"
2953,"Iowa","2022-05-29",2022,22,4.72756390797852,"death",0.994386337276387,"2021-11-28"
2954,"Iowa","2022-06-05",2022,23,3.7733958925958,"death",0.992110681571018,"2021-11-28"
2955,"Iowa","2022-06-12",2022,24,0,"death",0.991009998555684,"2021-11-28"
2956,"Iowa","2022-06-19",2022,25,20.419101184885,"death",0.99113374731377,"2021-11-28"
2957,"Iowa","2022-06-26",2022,26,2.51603053543494,"death",0.992281557679336,"2021-11-28"
2958,"Iowa","2022-07-03",2022,27,4.72693027168863,"death",0.994253059486444,"2021-11-28"
2959,"Iowa","2022-07-10",2022,28,4.73866954180875,"death",0.996722274084969,"2021-11-28"
2960,"Iowa","2022-07-17",2022,29,12.9801533228771,"death",0.998860788888041,"2021-11-28"
2961,"Iowa","2022-07-24",2022,30,7.28950363658686,"death",0.999951923421135,"2021-11-28"
2962,"Iowa","2022-07-31",2022,31,11.0927494036326,"death",0.99995431031197,"2021-11-28"
2963,"Iowa","2022-08-07",2022,32,10.4588937598027,"death",0.999955816204267,"2021-11-28"
2964,"Iowa","2022-08-14",2022,33,10.1419703106582,"death",0.999957070876513,"2021-11-28"
2965,"Iowa","2022-08-21",2022,34,7.92342398601147,"death",0.999958292621808,"2021-11-28"
2966,"Iowa","2022-08-28",2022,35,10.4589327375679,"death",0.999959542797532,"2021-11-28"
2967,"Iowa","2022-09-04",2022,36,8.87425746885803,"death",0.999960839723925,"2021-11-28"
2968,"Iowa","2022-09-11",2022,37,8.24039230425769,"death",0.999962097976704,"2021-11-28"
2969,"Iowa","2022-09-18",2022,38,18.0654981685312,"death",0.999963356255924,"2021-11-28"
2970,"Iowa","2022-09-25",2022,39,8.24041299215068,"death",0.999964608428648,"2021-11-28"
2971,"Iowa","2022-10-02",2022,40,6.33878718180075,"death",0.999965863684205,"2021-11-28"
3201,"Massachusetts","2021-11-14",2021,46,0,"death",0,"2021-11-14"
3202,"Massachusetts","2021-11-21",2021,47,0,"death",0,"2021-11-14"
3203,"Massachusetts","2021-11-28",2021,48,0,"death",0,"2021-11-14"
3204,"Massachusetts","2021-12-05",2021,49,0,"death",0,"2021-11-14"
3205,"Massachusetts","2021-12-12",2021,50,0,"death",0,"2021-11-14"
3206,"Massachusetts","2021-12-19",2021,51,0.167383689154485,"death",0.00522032841469846,"2021-11-14"
3207,"Massachusetts","2021-12-26",2021,52,0.979790803090847,"death",0.0302834576218658,"2021-11-14"
3208,"Massachusetts","2022-01-02",2022,1,7.47937517852288,"death",0.174751240190151,"2021-11-14"
3209,"Massachusetts","2022-01-09",2022,2,25.1979424237432,"death",0.468131789082149,"2021-11-14"
3210,"Massachusetts","2022-01-16",2022,3,51.3716779214191,"death",0.764750419413424,"2021-11-14"
3211,"Massachusetts","2022-01-23",2022,4,68.8117107605904,"death",0.935473220616374,"2021-11-14"
3212,"Massachusetts","2022-01-30",2022,5,68.1900310113909,"death",0.999999985778946,"2021-11-14"
3213,"Massachusetts","2022-02-06",2022,6,59.7471185520787,"death",0.999532023935821,"2021-11-14"
3214,"Massachusetts","2022-02-13",2022,7,45.2268637842781,"death",0.980271365766442,"2021-11-14"
3215,"Massachusetts","2022-02-20",2022,8,37.3767987240701,"death",0.987048648797122,"2021-11-14"
3216,"Massachusetts","2022-02-27",2022,9,30.0326310451495,"death",0.99999999795452,"2021-11-14"
3217,"Massachusetts","2022-03-06",2022,10,25.2448202487701,"death",0.999999995971889,"2021-11-14"
3218,"Massachusetts","2022-03-13",2022,11,0,"death",0.998678282000475,"2021-11-14"
3219,"Massachusetts","2022-03-20",2022,12,6.22040997402601,"death",0.997074288539633,"2021-11-14"
3220,"Massachusetts","2022-03-27",2022,13,6.227981778172,"death",0.998287978837113,"2021-11-14"
3221,"Massachusetts","2022-04-03",2022,14,4.05703252593766,"death",0.998682459147248,"2021-11-14"
3222,"Massachusetts","2022-04-10",2022,15,4.77816748062819,"death",0.997985869537341,"2021-11-14"
3223,"Massachusetts","2022-04-17",2022,16,6.65234530797955,"death",0.996767608527935,"2021-11-14"
3224,"Massachusetts","2022-04-24",2022,17,5.92230138459462,"death",0.995597074639575,"2021-11-14"
3225,"Massachusetts","2022-05-01",2022,18,10.2494296087798,"death",0.994989075025406,"2021-11-14"
3226,"Massachusetts","2022-05-08",2022,19,8.51928001058103,"death",0.995240051368979,"2021-11-14"
3227,"Massachusetts","2022-05-15",2022,20,12.2872471307629,"death",0.996351620123819,"2021-11-14"
3228,"Massachusetts","2022-05-22",2022,21,13.8914685100786,"death",0.997364462292934,"2021-11-14"
3229,"Massachusetts","2022-05-29",2022,22,12.8791065711588,"death",0.997407648079009,"2021-11-14"
3230,"Massachusetts","2022-06-05",2022,23,10.4140079845078,"death",0.996924739933948,"2021-11-14"
3231,"Massachusetts","2022-06-12",2022,24,12.0006073880147,"death",0.996556896671249,"2021-11-14"
3232,"Massachusetts","2022-06-19",2022,25,10.5533135686722,"death",0.996421170301557,"2021-11-14"
3233,"Massachusetts","2022-06-26",2022,26,8.96382958997013,"death",0.996503586134805,"2021-11-14"
3234,"Massachusetts","2022-07-03",2022,27,11.8587969997889,"death",0.996790169480928,"2021-11-14"
3235,"Massachusetts","2022-07-10",2022,28,4.774783489728,"death",0.99727907658487,"2021-11-14"
3236,"Massachusetts","2022-07-17",2022,29,8.54305065350943,"death",0.998016987431621,"2021-11-14"
3237,"Massachusetts","2022-07-24",2022,30,7.10195377273865,"death",0.99898444254005,"2021-11-14"
3238,"Massachusetts","2022-07-31",2022,31,6.96303610452925,"death",0.999848900824503,"2021-11-14"
3239,"Massachusetts","2022-08-07",2022,32,8.85019564010346,"death",1,"2021-11-14"
3240,"Massachusetts","2022-08-14",2022,33,8.26985494239175,"death",1,"2021-11-14"
3241,"Massachusetts","2022-08-21",2022,34,6.9640883573474,"death",0.999999997818375,"2021-11-14"
3242,"Massachusetts","2022-08-28",2022,35,10.5866593287129,"death",0.999569605248375,"2021-11-14"
3243,"Massachusetts","2022-09-04",2022,36,10.5814377025416,"death",0.999076590535352,"2021-11-14"
3244,"Massachusetts","2022-09-11",2022,37,7.53450316804141,"death",0.998684340177594,"2021-11-14"
3245,"Massachusetts","2022-09-18",2022,38,8.40265729839563,"death",0.998540355813168,"2021-11-14"
3246,"Massachusetts","2022-09-25",2022,39,8.69494620128664,"death",0.998832379620113,"2021-11-14"
3247,"Massachusetts","2022-10-02",2022,40,9.42643722970745,"death",0.999565336693389,"2021-11-14"
3248,"Michigan","2021-11-28",2021,48,0,"death",0,"2021-11-28"
3249,"Michigan","2021-12-05",2021,49,0.019480056437674,"death",0.000242272151924009,"2021-11-28"
3250,"Michigan","2021-12-12",2021,50,0,"death",0,"2021-11-28"
3251,"Michigan","2021-12-19",2021,51,0,"death",0,"2021-11-28"
3252,"Michigan","2021-12-26",2021,52,0.211088561837907,"death",0.00312776154511993,"2021-11-28"
3253,"Michigan","2022-01-02",2022,1,10.9672035310046,"death",0.117016980079101,"2021-11-28"
3254,"Michigan","2022-01-09",2022,2,29.9616510142282,"death",0.396847114274539,"2021-11-28"
3255,"Michigan","2022-01-16",2022,3,55.183675721551,"death",0.695847825966542,"2021-11-28"
3256,"Michigan","2022-01-23",2022,4,60.8508500025836,"death",0.87692458485462,"2021-11-28"
3257,"Michigan","2022-01-30",2022,5,65.0522329625135,"death",0.961046372969391,"2021-11-28"
3258,"Michigan","2022-02-06",2022,6,58.0491774584326,"death",0.980928653544821,"2021-11-28"
3259,"Michigan","2022-02-13",2022,7,39.6395284024087,"death",0.975059856409593,"2021-11-28"
3260,"Michigan","2022-02-20",2022,8,59.9776178176951,"death",0.986800481624337,"2021-11-28"
3261,"Michigan","2022-02-27",2022,9,36.313731113209,"death",0.999063470424433,"2021-11-28"
3262,"Michigan","2022-03-06",2022,10,34.7456625204937,"death",0.999999893263489,"2021-11-28"
3263,"Michigan","2022-03-13",2022,11,22.9922626830196,"death",0.998349737051101,"2021-11-28"
3264,"Michigan","2022-03-20",2022,12,15.2704359596322,"death",0.996755949388917,"2021-11-28"
3265,"Michigan","2022-03-27",2022,13,13.3915184225991,"death",0.998053578353458,"2021-11-28"
3266,"Michigan","2022-04-03",2022,14,7.00020221125582,"death",0.998714549355653,"2021-11-28"
3267,"Michigan","2022-04-10",2022,15,12.0969326900496,"death",0.998432536480583,"2021-11-28"
3268,"Michigan","2022-04-17",2022,16,7.79235336768971,"death",0.997706650981866,"2021-11-28"
3269,"Michigan","2022-04-24",2022,17,6.68893249153152,"death",0.997036004113119,"2021-11-28"
3270,"Michigan","2022-05-01",2022,18,6.18780193161116,"death",0.996720855408459,"2021-11-28"
3271,"Michigan","2022-05-08",2022,19,7.58158651634079,"death",0.996266057523996,"2021-11-28"
3272,"Michigan","2022-05-15",2022,20,7.77380430323044,"death",0.995331691312141,"2021-11-28"
3273,"Michigan","2022-05-22",2022,21,13.8486200276127,"death",0.994994157288519,"2021-11-28"
3274,"Michigan","2022-05-29",2022,22,4.98753386004429,"death",0.996195748858406,"2021-11-28"
3275,"Michigan","2022-06-05",2022,23,13.0900349813003,"death",0.997926011322473,"2021-11-28"
3276,"Michigan","2022-06-12",2022,24,13.7039451434744,"death",0.998973288202356,"2021-11-28"
3277,"Michigan","2022-06-19",2022,25,6.90406367254113,"death",0.999273864008161,"2021-11-28"
3278,"Michigan","2022-06-26",2022,26,17.4063647330184,"death",0.999051008497111,"2021-11-28"
3279,"Michigan","2022-07-03",2022,27,6.39898933681452,"death",0.998527991426429,"2021-11-28"
3280,"Michigan","2022-07-10",2022,28,15.9882036635461,"death",0.99794939796694,"2021-11-28"
3281,"Michigan","2022-07-17",2022,29,14.8844742812116,"death",0.997645074943877,"2021-11-28"
3282,"Michigan","2022-07-24",2022,30,13.6882319317726,"death",0.997827845879173,"2021-11-28"
3283,"Michigan","2022-07-31",2022,31,10.5943903091112,"death",0.998157179427163,"2021-11-28"
3284,"Michigan","2022-08-07",2022,32,13.6943583486762,"death",0.998274441861207,"2021-11-28"
3285,"Michigan","2022-08-14",2022,33,10.296042119581,"death",0.998301944798377,"2021-11-28"
3286,"Michigan","2022-08-21",2022,34,13.4965920974981,"death",0.998433594555881,"2021-11-28"
3287,"Michigan","2022-08-28",2022,35,12.8997808106296,"death",0.998668730907762,"2021-11-28"
3288,"Michigan","2022-09-04",2022,36,8.30226349644923,"death",0.998958051992271,"2021-11-28"
3289,"Michigan","2022-09-11",2022,37,19.611119110421,"death",0.999252255947659,"2021-11-28"
3290,"Michigan","2022-09-18",2022,38,14.7109295608951,"death",0.999428230351913,"2021-11-28"
3291,"Michigan","2022-09-25",2022,39,16.0061187705715,"death",0.999067620541955,"2021-11-28"
3292,"Michigan","2022-10-02",2022,40,14.2895875089436,"death",0.997958510774871,"2021-11-28"
3702,"New York","2021-11-14",2021,46,0,"death",0,"2021-11-14"
3703,"New York","2021-11-21",2021,47,0,"death",0,"2021-11-14"
3704,"New York","2021-11-28",2021,48,0,"death",0,"2021-11-14"
3705,"New York","2021-12-05",2021,49,0,"death",0,"2021-11-14"
3706,"New York","2021-12-12",2021,50,0.123568433551958,"death",0.00579240014404209,"2021-11-14"
3707,"New York","2021-12-19",2021,51,0.730489566719434,"death",0.0369107099897145,"2021-11-14"
3708,"New York","2021-12-26",2021,52,7.81279120403391,"death",0.233825554258365,"2021-11-14"
3709,"New York","2022-01-02",2022,1,21.2853861617745,"death",0.49236213805783,"2021-11-14"
3710,"New York","2022-01-09",2022,2,47.2374845801712,"death",0.717919756067905,"2021-11-14"
3711,"New York","2022-01-16",2022,3,65.094127876806,"death",0.879994848779184,"2021-11-14"
3712,"New York","2022-01-23",2022,4,73.6005743148616,"death",0.966774653659145,"2021-11-14"
3713,"New York","2022-01-30",2022,5,46.0621063614402,"death",0.995635550989739,"2021-11-14"
3714,"New York","2022-02-06",2022,6,39.4068169180134,"death",0.993008959495344,"2021-11-14"
3715,"New York","2022-02-13",2022,7,27.1963056569527,"death",0.985223447061776,"2021-11-14"
3716,"New York","2022-02-20",2022,8,18.2906439464187,"death",0.991136929640492,"2021-11-14"
3717,"New York","2022-02-27",2022,9,11.6174082254256,"death",0.999999821129287,"2021-11-14"
3718,"New York","2022-03-06",2022,10,6.16853582931289,"death",0.999999900301867,"2021-11-14"
3719,"New York","2022-03-13",2022,11,8.55933601805532,"death",0.99706326554932,"2021-11-14"
3720,"New York","2022-03-20",2022,12,3.58138313736449,"death",0.995295076101308,"2021-11-14"
3721,"New York","2022-03-27",2022,13,3.58314322283004,"death",0.99578421795801,"2021-11-14"
3722,"New York","2022-04-03",2022,14,3.07459395128666,"death",0.996863349693102,"2021-11-14"
3723,"New York","2022-04-10",2022,15,3.33451017092504,"death",0.997970723310933,"2021-11-14"
3724,"New York","2022-04-17",2022,16,5.23707412209511,"death",0.998820989173517,"2021-11-14"
3725,"New York","2022-04-24",2022,17,6.31724146083451,"death",0.999128797642872,"2021-11-14"
3726,"New York","2022-05-01",2022,18,5.80129765302779,"death",0.998724759047194,"2021-11-14"
3727,"New York","2022-05-08",2022,19,8.00228392520974,"death",0.997903323579405,"2021-11-14"
3728,"New York","2022-05-15",2022,20,8.14931585366021,"death",0.997064233128592,"2021-11-14"
3729,"New York","2022-05-22",2022,21,9.22101717884369,"death",0.996564556503797,"2021-11-14"
3730,"New York","2022-05-29",2022,22,8.60689658228435,"death",0.996635640977144,"2021-11-14"
3731,"New York","2022-06-05",2022,23,7.02162761065591,"death",0.997048620753131,"2021-11-14"
3732,"New York","2022-06-12",2022,24,8.3067938936959,"death",0.997510627934819,"2021-11-14"
3733,"New York","2022-06-19",2022,25,6.51487359612286,"death",0.99793299928713,"2021-11-14"
3734,"New York","2022-06-26",2022,26,6.41449477257953,"death",0.998278122740456,"2021-11-14"
3735,"New York","2022-07-03",2022,27,5.49207403858321,"death",0.998508386225186,"2021-11-14"
3736,"New York","2022-07-10",2022,28,6.51936836271171,"death",0.998621497051042,"2021-11-14"
3737,"New York","2022-07-17",2022,29,8.36850897002083,"death",0.998756440045076,"2021-11-14"
3738,"New York","2022-07-24",2022,30,8.62764470302854,"death",0.999038169742218,"2021-11-14"
3739,"New York","2022-07-31",2022,31,11.1993863105147,"death",0.999394241991578,"2021-11-14"
3740,"New York","2022-08-07",2022,32,9.35275292307821,"death",0.999694228060606,"2021-11-14"
3741,"New York","2022-08-14",2022,33,7.91449270263119,"death",0.999773159575913,"2021-11-14"
3742,"New York","2022-08-21",2022,34,8.22066797759598,"death",0.999507912268188,"2021-11-14"
3743,"New York","2022-08-28",2022,35,8.62711884427981,"death",0.998977277925278,"2021-11-14"
3744,"New York","2022-09-04",2022,36,6.671291109911,"death",0.998310527349318,"2021-11-14"
3745,"New York","2022-09-11",2022,37,9.84633563067189,"death",0.997636931342444,"2021-11-14"
3746,"New York","2022-09-18",2022,38,7.17578198664211,"death",0.997103661427453,"2021-11-14"
3747,"New York","2022-09-25",2022,39,9.07065395819997,"death",0.9969294920098,"2021-11-14"
3748,"New York","2022-10-02",2022,40,8.20145110964715,"death",0.997171434062741,"2021-11-14"
3974,"Pennsylvania","2021-11-14",2021,46,0,"death",0,"2021-11-14"
3975,"Pennsylvania","2021-11-21",2021,47,0,"death",0,"2021-11-14"
3976,"Pennsylvania","2021-11-28",2021,48,0,"death",0,"2021-11-14"
3977,"Pennsylvania","2021-12-05",2021,49,0.0277229900176376,"death",0.000498468277040598,"2021-11-14"
3978,"Pennsylvania","2021-12-12",2021,50,0.156918893307194,"death",0.0024893109615996,"2021-11-14"
3979,"Pennsylvania","2021-12-19",2021,51,0.220807586573959,"death",0.00420651234291127,"2021-11-14"
3980,"Pennsylvania","2021-12-26",2021,52,1.09088725718054,"death",0.0210324196787131,"2021-11-14"
3981,"Pennsylvania","2022-01-02",2022,1,9.92353027108462,"death",0.136897548891802,"2021-11-14"
3982,"Pennsylvania","2022-01-09",2022,2,30.8199478723069,"death",0.407179188484878,"2021-11-14"
3983,"Pennsylvania","2022-01-16",2022,3,45.7139541457866,"death",0.66807024899642,"2021-11-14"
3984,"Pennsylvania","2022-01-23",2022,4,68.6402799914734,"death",0.828211224701002,"2021-11-14"
3985,"Pennsylvania","2022-01-30",2022,5,70.7739783284724,"death",0.928327553327195,"2021-11-14"
3986,"Pennsylvania","2022-02-06",2022,6,52.4362042952388,"death",0.988641694535198,"2021-11-14"
3987,"Pennsylvania","2022-02-13",2022,7,37.2579432537864,"death",0.987527494197924,"2021-11-14"
3988,"Pennsylvania","2022-02-20",2022,8,40.0542930256042,"death",0.99182711550592,"2021-11-14"
3989,"Pennsylvania","2022-02-27",2022,9,25.1523415618519,"death",0.999999999997114,"2021-11-14"
3990,"Pennsylvania","2022-03-06",2022,10,24.1368743557938,"death",0.999999999991115,"2021-11-14"
3991,"Pennsylvania","2022-03-13",2022,11,13.7958042532966,"death",0.997817707891845,"2021-11-14"
3992,"Pennsylvania","2022-03-20",2022,12,15.3090698327022,"death",0.994855551261349,"2021-11-14"
3993,"Pennsylvania","2022-03-27",2022,13,8.1498473165724,"death",0.993659578080375,"2021-11-14"
3994,"Pennsylvania","2022-04-03",2022,14,8.07855807385628,"death",0.994438573051627,"2021-11-14"
3995,"Pennsylvania","2022-04-10",2022,15,5.52565514500069,"death",0.996329244846371,"2021-11-14"
3996,"Pennsylvania","2022-04-17",2022,16,8.88884002920119,"death",0.998200283128011,"2021-11-14"
3997,"Pennsylvania","2022-04-24",2022,17,5.85213971961672,"death",0.998920377559952,"2021-11-14"
3998,"Pennsylvania","2022-05-01",2022,18,4.36526192655099,"death",0.997929199389724,"2021-11-14"
3999,"Pennsylvania","2022-05-08",2022,19,6.30784622938741,"death",0.996950346201347,"2021-11-14"
4000,"Pennsylvania","2022-05-15",2022,20,8.4928795516393,"death",0.99748395044414,"2021-11-14"
4001,"Pennsylvania","2022-05-22",2022,21,19.1744954625613,"death",0.997852357692112,"2021-11-14"
4002,"Pennsylvania","2022-05-29",2022,22,10.8186630348695,"death",0.996405792569114,"2021-11-14"
4003,"Pennsylvania","2022-06-05",2022,23,12.1997491089444,"death",0.994783782773671,"2021-11-14"
4004,"Pennsylvania","2022-06-12",2022,24,8.93690185722425,"death",0.994870602350125,"2021-11-14"
4005,"Pennsylvania","2022-06-19",2022,25,8.79356664535563,"death",0.996240207651414,"2021-11-14"
4006,"Pennsylvania","2022-06-26",2022,26,5.6902013600665,"death",0.997888975607622,"2021-11-14"
4007,"Pennsylvania","2022-07-03",2022,27,5.61745181836324,"death",0.998813283148836,"2021-11-14"
4008,"Pennsylvania","2022-07-10",2022,28,9.74860965210088,"death",0.998412748251915,"2021-11-14"
4009,"Pennsylvania","2022-07-17",2022,29,7.71538667585178,"death",0.997699953080819,"2021-11-14"
4010,"Pennsylvania","2022-07-24",2022,30,9.58642369664387,"death",0.997766591168895,"2021-11-14"
4011,"Pennsylvania","2022-07-31",2022,31,7.33091839947334,"death",0.998407837339951,"2021-11-14"
4012,"Pennsylvania","2022-08-07",2022,32,9.28743825422013,"death",0.999140187972314,"2021-11-14"
4013,"Pennsylvania","2022-08-14",2022,33,7.49629972808961,"death",0.99966194437194,"2021-11-14"
4014,"Pennsylvania","2022-08-21",2022,34,7.96573087936559,"death",0.99977646171175,"2021-11-14"
4015,"Pennsylvania","2022-08-28",2022,35,9.36909574633954,"death",0.99952550570488,"2021-11-14"
4016,"Pennsylvania","2022-09-04",2022,36,8.97408997464731,"death",0.999010444699523,"2021-11-14"
4017,"Pennsylvania","2022-09-11",2022,37,10.8395842192254,"death",0.998332647043869,"2021-11-14"
4018,"Pennsylvania","2022-09-18",2022,38,9.97561741095523,"death",0.997716752837948,"2021-11-14"
4019,"Pennsylvania","2022-09-25",2022,39,8.96393960788049,"death",0.997880489189134,"2021-11-14"
4020,"Pennsylvania","2022-10-02",2022,40,8.58534096313029,"death",0.999176732465849,"2021-11-14"
4199,"Texas","2021-11-14",2021,46,0.0149723483213754,"death",0.000745938883534626,"2021-11-14"
4200,"Texas","2021-11-21",2021,47,0.133682949690543,"death",0.0149662351388261,"2021-11-14"
4201,"Texas","2021-11-28",2021,48,0.319074765007265,"death",0.0164623735164655,"2021-11-14"
4202,"Texas","2021-12-05",2021,49,0,"death",0,"2021-11-14"
4203,"Texas","2021-12-12",2021,50,0,"death",0,"2021-11-14"
4204,"Texas","2021-12-19",2021,51,0.224873087225344,"death",0.0246984593836693,"2021-11-14"
4205,"Texas","2021-12-26",2021,52,4.80002499798713,"death",0.325950711097565,"2021-11-14"
4206,"Texas","2022-01-02",2022,1,16.2636150682704,"death",0.666070405578214,"2021-11-14"
4207,"Texas","2022-01-09",2022,2,20.7859344967047,"death",0.864715183845398,"2021-11-14"
4208,"Texas","2022-01-16",2022,3,28.1837566079285,"death",0.951353728447565,"2021-11-14"
4209,"Texas","2022-01-23",2022,4,40.5502601249619,"death",0.985574616179748,"2021-11-14"
4210,"Texas","2022-01-30",2022,5,46.4972142207387,"death",0.996472794069509,"2021-11-14"
4211,"Texas","2022-02-06",2022,6,47.5990607596117,"death",0.995080534605242,"2021-11-14"
4212,"Texas","2022-02-13",2022,7,52.0542973346646,"death",0.991044130698984,"2021-11-14"
4213,"Texas","2022-02-20",2022,8,37.5441834714938,"death",0.995088369453019,"2021-11-14"
4214,"Texas","2022-02-27",2022,9,31.6226950231662,"death",0.999921375998929,"2021-11-14"
4215,"Texas","2022-03-06",2022,10,22.8274545160053,"death",0.999852197400308,"2021-11-14"
4216,"Texas","2022-03-13",2022,11,16.6199705557195,"death",0.997744696598647,"2021-11-14"
4217,"Texas","2022-03-20",2022,12,12.5889653022515,"death",0.997344644309327,"2021-11-14"
4218,"Texas","2022-03-27",2022,13,9.50309023396366,"death",0.998371281000987,"2021-11-14"
4219,"Texas","2022-04-03",2022,14,7.4419230747957,"death",0.999005166147825,"2021-11-14"
4220,"Texas","2022-04-10",2022,15,6.54556349227679,"death",0.998917790000012,"2021-11-14"
4221,"Texas","2022-04-17",2022,16,7.57327368705838,"death",0.99815337550171,"2021-11-14"
4222,"Texas","2022-04-24",2022,17,3.33445105954591,"death",0.996756145597082,"2021-11-14"
4223,"Texas","2022-05-01",2022,18,2.47086183586895,"death",0.995066885559688,"2021-11-14"
4224,"Texas","2022-05-08",2022,19,2.43543200941638,"death",0.994612629980682,"2021-11-14"
4225,"Texas","2022-05-15",2022,20,2.19902952801808,"death",0.996293726717161,"2021-11-14"
4226,"Texas","2022-05-22",2022,21,1.47899122903055,"death",0.99731752737241,"2021-11-14"
4227,"Texas","2022-05-29",2022,22,1.47585470156056,"death",0.995202495342802,"2021-11-14"
4228,"Texas","2022-06-05",2022,23,2.73805658797086,"death",0.992404537450861,"2021-11-14"
4229,"Texas","2022-06-12",2022,24,1.84709949881098,"death",0.991819949308941,"2021-11-14"
4230,"Texas","2022-06-19",2022,25,3.28819935746064,"death",0.993169138262553,"2021-11-14"
4231,"Texas","2022-06-26",2022,26,3.32984255040495,"death",0.995378539590498,"2021-11-14"
4232,"Texas","2022-07-03",2022,27,4.02446219388453,"death",0.997374588571577,"2021-11-14"
4233,"Texas","2022-07-10",2022,28,3.95952028710365,"death",0.998345904886464,"2021-11-14"
4234,"Texas","2022-07-17",2022,29,4.92448454843414,"death",0.998529845823322,"2021-11-14"
4235,"Texas","2022-07-24",2022,30,5.40592504867135,"death",0.998404836982126,"2021-11-14"
4236,"Texas","2022-07-31",2022,31,6.47307767076609,"death",0.998364839602611,"2021-11-14"
4237,"Texas","2022-08-07",2022,32,7.43929326382518,"death",0.998652139823965,"2021-11-14"
4238,"Texas","2022-08-14",2022,33,7.40733345418401,"death",0.998986787743435,"2021-11-14"
4239,"Texas","2022-08-21",2022,34,6.68425892885249,"death",0.999051425124712,"2021-11-14"
4240,"Texas","2022-08-28",2022,35,6.26985729290083,"death",0.998901296439202,"2021-11-14"
4241,"Texas","2022-09-04",2022,36,4.75303723184901,"death",0.998684796835242,"2021-11-14"
4242,"Texas","2022-09-11",2022,37,5.0278985119759,"death",0.998550321461165,"2021-11-14"
4243,"Texas","2022-09-18",2022,38,5.64812109837064,"death",0.998611263670392,"2021-11-14"
4244,"Texas","2022-09-25",2022,39,4.06482697101456,"death",0.998841009636682,"2021-11-14"
4245,"Texas","2022-10-02",2022,40,3.7213144070973,"death",0.999099904738695,"2021-11-14"
4385,"Washington","2021-11-14",2021,46,0,"death",0,"2021-11-14"
4386,"Washington","2021-11-21",2021,47,0.0589932050879078,"death",0.00453764590375225,"2021-11-14"
4387,"Washington","2021-11-28",2021,48,0.0541768893679589,"death",0.00196452959814212,"2021-11-14"
4388,"Washington","2021-12-05",2021,49,0,"death",0,"2021-11-14"
4389,"Washington","2021-12-12",2021,50,0,"death",0,"2021-11-14"
4390,"Washington","2021-12-19",2021,51,0.28277661613566,"death",0.0209059580075254,"2021-11-14"
4391,"Washington","2021-12-26",2021,52,1.97847746161466,"death",0.198235449646148,"2021-11-14"
4392,"Washington","2022-01-02",2022,1,9.59229591866552,"death",0.448124583098004,"2021-11-14"
4393,"Washington","2022-01-09",2022,2,19.9613896750418,"death",0.694081490898395,"2021-11-14"
4394,"Washington","2022-01-16",2022,3,21.791364536707,"death",0.882653772718183,"2021-11-14"
4395,"Washington","2022-01-23",2022,4,36.2827621517694,"death",0.979749473511255,"2021-11-14"
4396,"Washington","2022-01-30",2022,5,40.9723410662282,"death",0.999999978137288,"2021-11-14"
4397,"Washington","2022-02-06",2022,6,42.9578879315798,"death",0.994284863540948,"2021-11-14"
4398,"Washington","2022-02-13",2022,7,39.7688099181811,"death",0.980049295353683,"2021-11-14"
4399,"Washington","2022-02-20",2022,8,25.5414277308613,"death",0.987285478364171,"2021-11-14"
4400,"Washington","2022-02-27",2022,9,25.6077134280183,"death",0.999999988353962,"2021-11-14"
4401,"Washington","2022-03-06",2022,10,21.6680654419648,"death",0.999999999136727,"2021-11-14"
4402,"Washington","2022-03-13",2022,11,18.7285685701907,"death",0.997315004931223,"2021-11-14"
4403,"Washington","2022-03-20",2022,12,11.8883948673001,"death",0.994822580837797,"2021-11-14"
4404,"Washington","2022-03-27",2022,13,9.01773151248527,"death",0.99520377638121,"2021-11-14"
4405,"Washington","2022-04-03",2022,14,7.45954589646277,"death",0.996555154914966,"2021-11-14"
4406,"Washington","2022-04-10",2022,15,6.42236442338842,"death",0.99807383451244,"2021-11-14"
4407,"Washington","2022-04-17",2022,16,4.72394747889052,"death",0.999232071926975,"2021-11-14"
4408,"Washington","2022-04-24",2022,17,5.11899285158236,"death",0.999502123911912,"2021-11-14"
4409,"Washington","2022-05-01",2022,18,3.14756508815075,"death",0.998682139866815,"2021-11-14"
4410,"Washington","2022-05-08",2022,19,9.43505266113158,"death",0.997873839776142,"2021-11-14"
4411,"Washington","2022-05-15",2022,20,7.73235967797845,"death",0.997984603141023,"2021-11-14"
4412,"Washington","2022-05-22",2022,21,8.5174745070462,"death",0.997840876944378,"2021-11-14"
4413,"Washington","2022-05-29",2022,22,5.88791785864673,"death",0.996352544141865,"2021-11-14"
4414,"Washington","2022-06-05",2022,23,10.9741410397045,"death",0.994844164098312,"2021-11-14"
4415,"Washington","2022-06-12",2022,24,7.83826473190387,"death",0.994792453985362,"2021-11-14"
4416,"Washington","2022-06-19",2022,25,9.28530894541588,"death",0.995868085792743,"2021-11-14"
4417,"Washington","2022-06-26",2022,26,11.2630550341896,"death",0.997290220214706,"2021-11-14"
4418,"Washington","2022-07-03",2022,27,9.30777875331018,"death",0.998278017945499,"2021-11-14"
4419,"Washington","2022-07-10",2022,28,12.4548678616346,"death",0.998341958899855,"2021-11-14"
4420,"Washington","2022-07-17",2022,29,12.1904109996453,"death",0.99815779987443,"2021-11-14"
4421,"Washington","2022-07-24",2022,30,10.3580310918356,"death",0.998421499430399,"2021-11-14"
4422,"Washington","2022-07-31",2022,31,15.4764953971119,"death",0.99874454630508,"2021-11-14"
4423,"Washington","2022-08-07",2022,32,13.5078348141166,"death",0.99864773564245,"2021-11-14"
4424,"Washington","2022-08-14",2022,33,11.5375059251986,"death",0.998373558036968,"2021-11-14"
4425,"Washington","2022-08-21",2022,34,11.0117788371497,"death",0.998256161720939,"2021-11-14"
4426,"Washington","2022-08-28",2022,35,8.52117698197336,"death",0.99827463002754,"2021-11-14"
4427,"Washington","2022-09-04",2022,36,8.39045721642719,"death",0.998319280065171,"2021-11-14"
4428,"Washington","2022-09-11",2022,37,7.86574752088229,"death",0.998280428942232,"2021-11-14"
4429,"Washington","2022-09-18",2022,38,9.56779736839451,"death",0.998051413780901,"2021-11-14"
4430,"Washington","2022-09-25",2022,39,9.16987745239408,"death",0.997537651758478,"2021-11-14"
4431,"Washington","2022-10-02",2022,40,7.19986358989638,"death",0.996839833666487,"2021-11-14"
4524,"Wyoming","2021-11-28",2021,48,0,"death",0,"2021-11-28"
4525,"Wyoming","2021-12-05",2021,49,0,"death",0,"2021-11-28"
4526,"Wyoming","2021-12-12",2021,50,0,"death",0,"2021-11-28"
4527,"Wyoming","2021-12-19",2021,51,0,"death",0,"2021-11-28"
4528,"Wyoming","2021-12-26",2021,52,0,"death",0.0224773377483914,"2021-11-28"
4529,"Wyoming","2022-01-02",2022,1,7.68627725095559,"death",0.0967065681627349,"2021-11-28"
4530,"Wyoming","2022-01-09",2022,2,11.2435214469059,"death",0.406705576818113,"2021-11-28"
4531,"Wyoming","2022-01-16",2022,3,16.7253316304895,"death",0.744610477625419,"2021-11-28"
4532,"Wyoming","2022-01-23",2022,4,38.8997402287512,"death",0.938065614793826,"2021-11-28"
4533,"Wyoming","2022-01-30",2022,5,43.194696872762,"death",0.999972782695314,"2021-11-28"
4534,"Wyoming","2022-02-06",2022,6,29.2428956875313,"death",0.995564062659996,"2021-11-28"
4535,"Wyoming","2022-02-13",2022,7,37.0392786239371,"death",0.974400720777782,"2021-11-28"
4536,"Wyoming","2022-02-20",2022,8,49.3781523854904,"death",0.985450003326692,"2021-11-28"
4537,"Wyoming","2022-02-27",2022,9,39.7381114715875,"death",0.999947376399327,"2021-11-28"
4538,"Wyoming","2022-03-06",2022,10,13.8219103771724,"death",0.999944378497741,"2021-11-28"
4539,"Wyoming","2022-03-13",2022,11,34.5346190634693,"death",0.999361079727722,"2021-11-28"
4540,"Wyoming","2022-03-20",2022,12,24.1323523748408,"death",0.997629723436466,"2021-11-28"
4541,"Wyoming","2022-03-27",2022,13,13.8164431398651,"death",0.999548851898149,"2021-11-28"
4542,"Wyoming","2022-04-03",2022,14,8.63874246876208,"death",0.999949990495655,"2021-11-28"
4543,"Wyoming","2022-04-10",2022,15,8.63877462697254,"death",0.9999537128664,"2021-11-28"
4544,"Wyoming","2022-04-17",2022,16,10.3642821531763,"death",0.999736929115029,"2021-11-28"
4545,"Wyoming","2022-04-24",2022,17,8.63571330923798,"death",0.999599359828253,"2021-11-28"
4546,"Wyoming","2022-05-01",2022,18,3.45487794322986,"death",0.999770851772887,"2021-11-28"
4547,"Wyoming","2022-05-08",2022,19,5.16227792510487,"death",0.995904936551924,"2021-11-28"
4548,"Wyoming","2022-05-15",2022,20,5.04062611671459,"death",0.972435910227875,"2021-11-28"
4549,"Wyoming","2022-05-22",2022,21,0,"death",0.956633702396752,"2021-11-28"
4550,"Wyoming","2022-05-29",2022,22,0,"death",0.969573593673088,"2021-11-28"
4551,"Wyoming","2022-06-05",2022,23,6.86360482819971,"death",0.993093266691009,"2021-11-28"
4552,"Wyoming","2022-06-12",2022,24,0,"death",0.999986048941233,"2021-11-28"
4553,"Wyoming","2022-06-19",2022,25,8.63907353479344,"death",0.999988311984703,"2021-11-28"
4554,"Wyoming","2022-06-26",2022,26,8.63909078201969,"death",0.999990308382187,"2021-11-28"
4555,"Wyoming","2022-07-03",2022,27,0,"death",0.996943368008749,"2021-11-28"
4556,"Wyoming","2022-07-10",2022,28,18.9724045604878,"death",0.998222717365757,"2021-11-28"
4557,"Wyoming","2022-07-17",2022,29,8.63912293180993,"death",0.999994029778277,"2021-11-28"
4558,"Wyoming","2022-07-24",2022,30,10.366956680243,"death",0.999994913550126,"2021-11-28"
4559,"Wyoming","2022-07-31",2022,31,0,"death",0.999898859515015,"2021-11-28"
4560,"Wyoming","2022-08-07",2022,32,15.544576343295,"death",0.999618162207675,"2021-11-28"
4561,"Wyoming","2022-08-14",2022,33,10.3663540585306,"death",0.999936784760186,"2021-11-28"
4562,"Wyoming","2022-08-21",2022,34,10.3669933286328,"death",0.9999984486477,"2021-11-28"
4563,"Wyoming","2022-08-28",2022,35,6.91133499383881,"death",0.999999332424788,"2021-11-28"
4564,"Wyoming","2022-09-04",2022,36,5.18350312473374,"death",0.99999969498926,"2021-11-28"
4565,"Wyoming","2022-09-11",2022,37,6.91085122838721,"death",0.999929336522538,"2021-11-28"
4566,"Wyoming","2022-09-18",2022,38,5.18331494527899,"death",0.999963391471576,"2021-11-28"
4567,"Wyoming","2022-09-25",2022,39,5.18350470575835,"death",1,"2021-11-28"
4568,"Wyoming","2022-10-02",2022,40,8.63917450959726,"death",1,"2021-11-28"
